sale_id,product_id,customer_id,sale_price,quantity,sale_date,total_revenue,sentiment_score,review_date
1001,P101,C_001,150.0,2,2023-01-15,300.0,4.5,2023-01-16
1002,P102,C_002,75.0,3,2023-01-20,225.0,4.5,2023-02-05
1004,P101,C_003,150.0,4,2023-01-02,600.0,3.7,2023-02-18
1005,P104,C_004,30.0,1,2023-05-02,30.0,3.9,2023-02-01
1006,P102,C_005,75.0,2,2023-10-02,150.0,4.0,2023-02-11
1008,P101,C_006,150.0,3,2023-02-20,450.0,4.7,2023-03-24
1010,P104,C_008,30.0,5,2023-01-03,150.0,4.0,2023-03-02
1011,P102,C_009,75.0,1,2023-05-03,75.0,1.6,2023-02-12
1012,P105,C_001,120.0,3,2023-10-03,360.0,2.5,2023-03-11
1013,P103,C_010,250.5,1,2023-03-15,250.5,3.0,2023-04-01
1016,P105,C_065,150.0,1,2023-12-01,150.0,4.4,2023-01-07
1017,P102,C_075,120.0,1,2023-03-13,120.0,1.0,2023-03-03
1021,P101,C_056,250.5,5,2023-03-02,1252.5,4.6,2023-03-10
1022,P104,C_079,150.0,4,2023-11-01,600.0,3.1,2023-02-27
1023,P103,C_091,120.0,3,2023-03-15,360.0,3.0,2023-02-24
1025,P102,C_023,30.0,3,2023-02-28,90.0,3.9,2023-02-26
1026,P103,C_031,250.5,3,2023-01-27,751.5,3.0,2023-02-25
1030,P103,C_018,75.0,1,2023-02-10,75.0,1.4,2023-03-31
1031,P103,C_019,75.0,5,2023-10-02,375.0,1.3,2023-01-28
1034,P105,C_065,120.0,4,2023-02-16,480.0,4.4,2023-01-07
1037,P101,C_060,30.0,5,2023-01-03,150.0,2.1,2023-03-17
1038,P103,C_081,150.0,1,2023-01-15,150.0,1.9,2023-03-15
1040,P104,C_031,30.0,1,2023-03-02,30.0,2.8,2023-02-18
1041,P102,C_075,150.0,1,2023-08-02,150.0,1.0,2023-03-03
1042,P105,C_088,75.0,2,2023-02-17,150.0,3.2,2023-01-05
1043,P105,C_078,150.0,5,2023-02-11,750.0,4.9,2023-03-26
1044,P101,C_025,250.5,3,2023-01-31,751.5,3.9,2023-03-10
1046,P105,C_027,75.0,1,2023-02-03,75.0,1.2,2023-01-14
1049,P103,C_067,120.0,4,2023-01-16,480.0,2.6,2023-03-31
1051,P102,C_086,75.0,1,2023-10-01,75.0,3.5,2023-03-30
1052,P101,C_040,150.0,1,2023-12-02,150.0,1.3,2023-04-01
1053,P105,C_041,250.5,1,2023-04-03,250.5,4.6,2023-03-15
1055,P102,C_071,30.0,2,2023-01-13,60.0,4.1,2023-01-14
1056,P104,C_056,30.0,4,2023-01-03,120.0,2.6,2023-03-12
1058,P104,C_054,150.0,2,2023-01-25,300.0,1.9,2023-03-17
1059,P105,C_068,75.0,4,2023-01-24,300.0,2.3,2023-01-22
1061,P101,C_094,120.0,1,2023-12-01,120.0,4.9,2023-03-14
1062,P102,C_063,30.0,4,2023-01-28,120.0,3.2,2023-03-27
1064,P104,C_047,30.0,1,2023-03-13,30.0,4.5,2023-03-15
1066,P105,C_080,150.0,1,2023-10-02,150.0,1.5,2023-03-27
1071,P104,C_095,120.0,5,2023-03-08,600.0,3.5,2023-03-26
1073,P103,C_061,75.0,1,2023-03-24,75.0,2.8,2023-02-08
1075,P105,C_023,150.0,5,2023-01-28,750.0,1.5,2023-03-26
1076,P103,C_027,250.5,1,2023-02-01,250.5,2.1,2023-02-26
1077,P103,C_031,30.0,5,2023-04-01,150.0,3.0,2023-02-25
1078,P105,C_094,120.0,1,2023-03-27,120.0,4.4,2023-02-13
1080,P101,C_081,75.0,3,2023-06-02,225.0,4.1,2023-03-30
1081,P102,C_054,75.0,1,2023-03-23,75.0,4.7,2023-03-22
1082,P105,C_073,250.5,1,2023-12-01,250.5,3.6,2023-03-31
1083,P104,C_046,150.0,1,2023-12-02,150.0,4.6,2023-03-24
1085,P104,C_082,150.0,1,2023-10-01,150.0,2.6,2023-02-25
1088,P101,C_056,75.0,1,2023-01-02,75.0,4.6,2023-03-10
1089,P101,C_056,120.0,4,2023-03-21,480.0,4.6,2023-03-10
1091,P102,C_053,30.0,1,2023-02-01,30.0,3.3,2023-03-29
1092,P102,C_024,30.0,1,2023-02-03,30.0,4.3,2023-03-16
1093,P102,C_069,250.5,3,2023-01-30,751.5,3.8,2023-02-20
1094,P101,C_095,75.0,4,2023-02-12,300.0,3.3,2023-03-30
1096,P105,C_053,150.0,1,2023-03-02,150.0,3.8,2023-03-27
1097,P105,C_044,150.0,1,2023-03-18,150.0,4.9,2023-03-21
1098,P103,C_051,30.0,5,2023-07-03,150.0,1.3,2023-03-10
1099,P104,C_084,75.0,3,2023-06-01,225.0,3.4,2023-03-31
1100,P104,C_011,120.0,5,2023-03-29,600.0,3.6,2023-02-08
1101,P102,C_057,30.0,1,2023-03-27,30.0,1.2,2023-02-20
1103,P103,C_096,30.0,3,2023-02-21,90.0,4.1,2023-01-07
1104,P103,C_081,75.0,2,2023-02-23,150.0,1.9,2023-03-15
1106,P103,C_062,120.0,1,2023-02-08,120.0,3.7,2023-02-18
1108,P104,C_067,30.0,1,2023-01-28,30.0,2.1,2023-03-26
1110,P105,C_053,150.0,2,2023-03-28,300.0,3.8,2023-03-27
1111,P102,C_036,75.0,1,2023-06-01,75.0,1.8,2023-01-05
1112,P104,C_089,150.0,4,2023-02-23,600.0,3.8,2023-01-03
1115,P101,C_065,75.0,2,2023-03-31,150.0,2.8,2023-03-05
1116,P104,C_017,120.0,2,2023-01-16,240.0,3.2,2023-01-04
1118,P103,C_067,120.0,1,2023-03-06,120.0,2.6,2023-03-31
1119,P105,C_068,75.0,1,2023-03-02,75.0,2.3,2023-01-22
1121,P102,C_046,30.0,1,2023-06-02,30.0,4.4,2023-01-06
1122,P103,C_053,250.5,5,2023-11-01,1252.5,2.7,2023-04-01
1123,P102,C_040,30.0,1,2023-01-20,30.0,2.0,2023-01-06
1125,P104,C_064,150.0,2,2023-02-23,300.0,4.1,2023-02-26
1126,P105,C_013,120.0,4,2023-03-03,480.0,1.3,2023-01-06
1128,P105,C_088,75.0,4,2023-01-29,300.0,3.2,2023-01-05
1129,P104,C_073,150.0,4,2023-02-13,600.0,3.2,2023-03-03
1130,P104,C_032,30.0,2,2023-03-21,60.0,2.5,2023-01-25
1132,P101,C_093,30.0,2,2023-01-03,60.0,3.1,2023-02-19
1133,P101,C_044,30.0,3,2023-01-28,90.0,2.6,2023-02-24
1134,P103,C_054,30.0,3,2023-02-23,90.0,2.8,2023-02-17
1137,P101,C_042,75.0,1,2023-03-21,75.0,1.4,2023-04-01
1138,P102,C_027,30.0,1,2023-01-15,30.0,1.3,2023-01-26
1141,P103,C_024,120.0,1,2023-09-02,120.0,2.3,2023-03-25
1144,P101,C_083,150.0,3,2023-03-10,450.0,1.4,2023-03-26
1145,P103,C_019,120.0,1,2023-02-13,120.0,1.3,2023-01-28
1146,P104,C_073,150.0,4,2023-02-16,600.0,3.2,2023-03-03
1148,P103,C_089,120.0,4,2023-03-01,480.0,2.4,2023-02-08
1149,P105,C_045,250.5,2,2023-01-12,501.0,4.0,2023-03-26
1151,P104,C_054,150.0,4,2023-11-02,600.0,1.9,2023-03-17
1152,P104,C_038,250.5,3,2023-02-13,751.5,2.5,2023-02-17
1153,P105,C_046,120.0,1,2023-08-03,120.0,3.4,2023-03-22
1155,P102,C_099,30.0,1,2023-03-04,30.0,3.8,2023-01-13
1156,P101,C_022,250.5,2,2023-02-21,501.0,1.6,2023-03-08
1158,P105,C_078,250.5,4,2023-03-12,1002.0,4.9,2023-03-26
1159,P103,C_069,250.5,3,2023-02-02,751.5,4.0,2023-02-18
1160,P101,C_035,250.5,1,2023-10-03,250.5,4.4,2023-02-28
1162,P105,C_078,120.0,3,2023-01-13,360.0,4.9,2023-03-26
1164,P105,C_027,250.5,1,2023-07-01,250.5,1.2,2023-01-14
1167,P102,C_017,250.5,4,2023-01-15,1002.0,2.0,2023-03-14
1168,P104,C_073,150.0,5,2023-03-22,750.0,3.2,2023-03-03
1169,P101,C_030,75.0,5,2023-08-02,375.0,1.7000000000000002,2023-03-03
1170,P102,C_026,120.0,4,2023-03-19,480.0,4.1,2023-03-25
1171,P105,C_039,120.0,4,2023-02-27,480.0,1.2,2023-03-22
1172,P103,C_086,30.0,3,2023-03-14,90.0,2.0,2023-03-02
1176,P104,C_099,120.0,4,2023-07-02,480.0,3.8,2023-01-11
1178,P101,C_098,75.0,3,2023-03-22,225.0,4.1,2023-02-12
1183,P103,C_075,120.0,4,2023-02-26,480.0,1.9,2023-02-27
1185,P103,C_014,150.0,2,2023-03-28,300.0,2.1,2023-02-25
1187,P102,C_071,120.0,1,2023-02-26,120.0,4.1,2023-01-14
1189,P104,C_055,30.0,3,2023-11-02,90.0,1.3,2023-03-28
1190,P101,C_031,250.5,4,2023-03-30,1002.0,1.8,2023-03-18
1192,P101,C_051,250.5,3,2023-01-15,751.5,1.7000000000000002,2023-02-03
1194,P101,C_035,120.0,3,2023-03-21,360.0,4.4,2023-02-28
1195,P104,C_017,75.0,3,2023-12-03,225.0,3.2,2023-01-04
1198,P101,C_081,30.0,1,2023-01-29,30.0,4.1,2023-03-30
1202,P102,C_087,120.0,1,2023-01-18,120.0,4.2,2023-03-16
1203,P103,C_064,250.5,5,2023-04-02,1252.5,2.1,2023-02-27
1205,P102,C_068,120.0,4,2023-02-14,480.0,2.8,2023-03-04
1206,P105,C_080,30.0,4,2023-11-02,120.0,1.5,2023-03-27
1207,P102,C_084,30.0,2,2023-02-22,60.0,2.2,2023-03-21
1209,P102,C_074,150.0,2,2023-06-03,300.0,2.9,2023-02-26
1210,P103,C_023,30.0,1,2023-03-09,30.0,4.1,2023-01-19
1214,P104,C_080,150.0,5,2023-09-01,750.0,2.9,2023-02-25
1217,P101,C_052,150.0,3,2023-02-15,450.0,2.4,2023-03-27
1218,P104,C_029,75.0,5,2023-02-22,375.0,4.6,2023-01-18
1219,P102,C_032,75.0,1,2023-03-20,75.0,2.8,2023-02-23
1222,P101,C_070,250.5,1,2023-11-03,250.5,2.9,2023-01-02
1224,P104,C_099,250.5,4,2023-08-02,1002.0,3.8,2023-01-11
1226,P103,C_084,250.5,1,2023-07-02,250.5,1.8,2023-02-23
1227,P104,C_046,150.0,5,2023-03-29,750.0,4.6,2023-03-24
1229,P105,C_056,75.0,1,2023-01-25,75.0,3.6,2023-04-01
1235,P102,C_043,30.0,3,2023-02-13,90.0,1.2,2023-03-07
1237,P104,C_082,250.5,1,2023-02-20,250.5,2.6,2023-02-25
1238,P103,C_079,150.0,4,2023-02-17,600.0,3.0,2023-02-11
1239,P103,C_085,30.0,1,2023-02-17,30.0,1.3,2023-03-22
1240,P102,C_071,150.0,5,2023-03-13,750.0,4.1,2023-01-14
1242,P103,C_094,30.0,1,2023-01-18,30.0,1.8,2023-02-14
1243,P101,C_049,30.0,1,2023-01-13,30.0,1.8,2023-03-25
1244,P105,C_028,30.0,4,2023-02-17,120.0,2.4,2023-02-28
1247,P103,C_038,30.0,4,2023-01-31,120.0,2.0,2023-03-16
1248,P101,C_098,250.5,5,2023-03-24,1252.5,4.1,2023-02-12
1250,P101,C_095,75.0,1,2023-03-23,75.0,3.3,2023-03-30
1251,P101,C_017,250.5,2,2023-01-17,501.0,1.5,2023-03-18
1253,P102,C_053,75.0,5,2023-01-01,375.0,3.3,2023-03-29
1254,P102,C_027,120.0,3,2023-01-23,360.0,1.3,2023-01-26
1255,P101,C_027,150.0,3,2023-01-31,450.0,4.7,2023-01-23
1257,P104,C_078,150.0,1,2023-01-09,150.0,1.2,2023-03-24
1258,P104,C_057,120.0,5,2023-01-14,600.0,2.4,2023-02-11
1259,P105,C_039,120.0,1,2023-03-26,120.0,1.2,2023-03-22
1263,P101,C_027,250.5,5,2023-03-23,1252.5,4.7,2023-01-23
1264,P105,C_052,30.0,5,2023-03-09,150.0,3.9,2023-02-28
1265,P104,C_075,120.0,4,2023-01-13,480.0,4.0,2023-03-05
1268,P104,C_023,250.5,4,2023-10-02,1002.0,3.1,2023-03-28
1270,P101,C_021,150.0,4,2023-01-13,600.0,4.7,2023-02-12
1271,P103,C_027,120.0,1,2023-03-17,120.0,2.1,2023-02-26
1273,P104,C_017,250.5,5,2023-02-09,1252.5,3.2,2023-01-04
1275,P104,C_039,150.0,3,2023-03-13,450.0,1.8,2023-01-05
1279,P103,C_050,250.5,3,2023-01-01,751.5,4.9,2023-01-26
1282,P104,C_069,250.5,2,2023-02-17,501.0,1.3,2023-03-02
1283,P103,C_083,120.0,1,2023-07-01,120.0,1.6,2023-01-10
1285,P104,C_095,30.0,4,2023-03-19,120.0,3.5,2023-03-26
1287,P104,C_025,250.5,1,2023-03-28,250.5,2.2,2023-03-24
1289,P104,C_087,150.0,1,2023-01-27,150.0,3.5,2023-03-15
1290,P102,C_028,250.5,3,2023-11-02,751.5,2.1,2023-03-31
1293,P103,C_020,30.0,1,2023-01-06,30.0,2.0,2023-03-20
1296,P101,C_062,150.0,3,2023-01-22,450.0,1.6,2023-01-04
1297,P104,C_099,250.5,1,2023-02-25,250.5,3.8,2023-01-11
1301,P105,C_035,250.5,3,2023-03-24,751.5,3.5,2023-03-04
1302,P102,C_024,75.0,3,2023-01-26,225.0,4.3,2023-03-16
1304,P104,C_070,120.0,5,2023-02-27,600.0,1.1,2023-02-26
1306,P103,C_030,30.0,1,2023-03-02,30.0,2.4,2023-03-14
1307,P103,C_046,120.0,1,2023-02-15,120.0,1.7000000000000002,2023-01-18
1308,P101,C_050,30.0,4,2023-05-01,120.0,3.9,2023-03-17
1311,P101,C_068,120.0,1,2023-01-25,120.0,1.2,2023-03-01
1314,P102,C_016,75.0,1,2023-02-26,75.0,2.5,2023-02-07
1315,P105,C_077,120.0,2,2023-02-16,240.0,3.1,2023-03-12
1320,P102,C_055,250.5,1,2023-03-31,250.5,1.3,2023-03-19
1321,P104,C_027,120.0,1,2023-01-11,120.0,2.8,2023-03-26
1325,P103,C_073,75.0,2,2023-01-18,150.0,2.4,2023-02-27
1326,P101,C_048,150.0,5,2023-11-03,750.0,4.0,2023-03-20
1331,P103,C_068,75.0,5,2023-01-31,375.0,4.6,2023-02-01
1332,P104,C_035,250.5,1,2023-03-15,250.5,3.2,2023-03-04
1333,P104,C_047,30.0,5,2023-03-09,150.0,4.5,2023-03-15
1334,P102,C_036,120.0,2,2023-02-02,240.0,1.8,2023-01-05
1335,P104,C_058,120.0,1,2023-08-03,120.0,2.7,2023-02-21
1336,P103,C_021,75.0,3,2023-02-27,225.0,2.7,2023-03-02
1338,P101,C_064,150.0,4,2023-03-06,600.0,2.3,2023-03-16
1339,P102,C_060,150.0,3,2023-01-29,450.0,3.7,2023-02-15
1343,P103,C_038,75.0,5,2023-03-19,375.0,2.0,2023-03-16
1344,P104,C_025,250.5,2,2023-08-02,501.0,2.2,2023-03-24
1345,P101,C_041,30.0,1,2023-03-21,30.0,4.0,2023-03-12
1346,P101,C_025,30.0,5,2023-10-03,150.0,3.9,2023-03-10
1347,P105,C_084,75.0,1,2023-01-19,75.0,1.4,2023-02-26
1348,P104,C_011,120.0,3,2023-01-31,360.0,3.6,2023-02-08
1350,P103,C_019,120.0,5,2023-06-03,600.0,1.3,2023-01-28
1351,P105,C_013,30.0,4,2023-06-01,120.0,1.3,2023-01-06
1352,P104,C_058,250.5,1,2023-01-03,250.5,2.7,2023-02-21
1353,P101,C_055,75.0,1,2023-03-26,75.0,3.0,2023-02-09
1355,P103,C_080,250.5,1,2023-01-23,250.5,2.9,2023-01-30
1358,P101,C_051,250.5,5,2023-02-20,1252.5,1.7000000000000002,2023-02-03
1361,P103,C_066,30.0,1,2023-02-26,30.0,1.4,2023-02-21
1362,P103,C_034,30.0,1,2023-03-05,30.0,2.2,2023-03-24
1363,P105,C_045,150.0,1,2023-02-24,150.0,4.0,2023-03-26
1364,P104,C_088,75.0,5,2023-02-07,375.0,4.6,2023-02-18
1365,P101,C_021,250.5,1,2023-02-07,250.5,4.7,2023-02-12
1367,P104,C_055,30.0,1,2023-02-15,30.0,1.3,2023-03-28
1369,P104,C_057,120.0,1,2023-03-28,120.0,2.4,2023-02-11
1372,P104,C_083,150.0,5,2023-01-20,750.0,3.4,2023-03-04
1373,P104,C_058,250.5,4,2023-10-01,1002.0,2.7,2023-02-21
1374,P102,C_078,250.5,4,2023-10-02,1002.0,1.9,2023-03-05
1375,P103,C_042,150.0,1,2023-01-24,150.0,3.7,2023-01-31
1377,P104,C_038,120.0,3,2023-03-30,360.0,2.5,2023-02-17
1378,P102,C_026,75.0,1,2023-02-27,75.0,4.1,2023-03-25
1380,P101,C_081,120.0,3,2023-08-02,360.0,4.1,2023-03-30
1381,P102,C_057,120.0,2,2023-01-16,240.0,1.2,2023-02-20
1384,P101,C_019,250.5,4,2023-03-03,1002.0,3.9,2023-03-04
1385,P104,C_063,120.0,1,2023-01-17,120.0,3.5,2023-03-26
1386,P101,C_068,30.0,1,2023-03-08,30.0,1.2,2023-03-01
1388,P104,C_075,150.0,1,2023-08-03,150.0,4.0,2023-03-05
1389,P103,C_032,75.0,3,2023-01-04,225.0,2.3,2023-03-16
1391,P105,C_046,75.0,1,2023-08-02,75.0,3.4,2023-03-22
1394,P105,C_054,120.0,1,2023-04-01,120.0,1.2,2023-03-15
1395,P101,C_093,120.0,3,2023-03-25,360.0,3.1,2023-02-19
1398,P104,C_049,30.0,1,2023-03-30,30.0,4.1,2023-03-31
1399,P102,C_067,30.0,4,2023-01-03,120.0,1.4,2023-02-17
1400,P103,C_088,75.0,3,2023-10-02,225.0,4.1,2023-03-13
1401,P103,C_062,75.0,3,2023-07-03,225.0,3.7,2023-02-18
1402,P101,C_051,75.0,4,2023-01-16,300.0,1.7000000000000002,2023-02-03
1404,P104,C_089,30.0,2,2023-01-21,60.0,3.8,2023-01-03
1405,P105,C_051,75.0,2,2023-05-03,150.0,3.3,2023-03-25
1406,P104,C_074,250.5,4,2023-03-01,1002.0,3.1,2023-03-30
1407,P104,C_075,30.0,2,2023-01-28,60.0,4.0,2023-03-05
1408,P103,C_017,150.0,3,2023-05-03,450.0,1.5,2023-01-22
1409,P104,C_047,120.0,1,2023-01-14,120.0,4.5,2023-03-15
1411,P101,C_062,150.0,5,2023-03-13,750.0,1.6,2023-01-04
1412,P103,C_081,250.5,1,2023-02-19,250.5,1.9,2023-03-15
1413,P104,C_081,250.5,5,2023-03-29,1252.5,3.4,2023-03-15
1414,P101,C_027,150.0,4,2023-02-17,600.0,4.7,2023-01-23
1415,P105,C_057,75.0,2,2023-03-19,150.0,4.5,2023-03-08
1416,P104,C_075,150.0,1,2023-05-01,150.0,4.0,2023-03-05
1417,P103,C_071,120.0,4,2023-01-20,480.0,3.1,2023-03-09
1418,P105,C_028,250.5,5,2023-10-02,1252.5,2.4,2023-02-28
1421,P103,C_071,150.0,3,2023-12-02,450.0,3.1,2023-03-09
1422,P101,C_064,120.0,3,2023-03-30,360.0,2.3,2023-03-16
1423,P101,C_087,30.0,3,2023-03-25,90.0,1.2,2023-03-24
1427,P101,C_035,150.0,4,2023-02-10,600.0,4.4,2023-02-28
1430,P102,C_077,75.0,5,2023-11-02,375.0,3.1,2023-02-07
1431,P104,C_078,30.0,3,2023-01-23,90.0,1.2,2023-03-24
1432,P105,C_054,120.0,3,2023-03-28,360.0,1.2,2023-03-15
1433,P103,C_089,30.0,2,2023-02-01,60.0,2.4,2023-02-08
1434,P105,C_049,75.0,3,2023-06-02,225.0,5.0,2023-03-11
1437,P105,C_097,120.0,4,2023-02-20,480.0,4.7,2023-02-02
1438,P102,C_048,150.0,3,2023-01-11,450.0,3.0,2023-02-28
1440,P102,C_079,250.5,5,2023-03-31,1252.5,4.2,2023-01-30
1441,P102,C_024,120.0,1,2023-03-17,120.0,4.3,2023-03-16
1443,P102,C_017,150.0,4,2023-12-02,600.0,2.0,2023-03-14
1446,P102,C_047,250.5,3,2023-03-24,751.5,2.0,2023-02-22
1447,P101,C_094,120.0,2,2023-10-03,240.0,4.9,2023-03-14
1448,P101,C_033,30.0,2,2023-01-05,60.0,1.7000000000000002,2023-03-12
1450,P103,C_083,120.0,1,2023-02-12,120.0,1.6,2023-01-10
1451,P104,C_093,120.0,5,2023-05-03,600.0,2.5,2023-03-02
1452,P105,C_070,250.5,2,2023-01-15,501.0,3.0,2023-02-11
1457,P104,C_052,75.0,1,2023-02-03,75.0,3.5,2023-01-10
1458,P102,C_068,250.5,3,2023-08-02,751.5,2.8,2023-03-04
1463,P102,C_028,30.0,2,2023-02-28,60.0,2.1,2023-03-31
1465,P105,C_096,75.0,2,2023-03-29,150.0,3.8,2023-03-05
1466,P101,C_078,30.0,5,2023-04-01,150.0,4.7,2023-01-31
1467,P101,C_083,150.0,1,2023-12-03,150.0,1.4,2023-03-26
1468,P102,C_084,120.0,2,2023-01-22,240.0,2.2,2023-03-21
1469,P105,C_067,150.0,1,2023-01-27,150.0,2.4,2023-01-07
1470,P105,C_073,150.0,5,2023-02-27,750.0,3.6,2023-03-31
1471,P104,C_027,120.0,4,2023-02-28,480.0,2.8,2023-03-26
1472,P101,C_082,30.0,1,2023-09-02,30.0,3.2,2023-01-16
1475,P105,C_018,150.0,4,2023-01-05,600.0,3.8,2023-01-27
1476,P104,C_034,75.0,1,2023-03-24,75.0,2.4,2023-02-26
1477,P103,C_059,30.0,4,2023-02-18,120.0,1.5,2023-01-17
1479,P105,C_061,120.0,2,2023-01-29,240.0,2.1,2023-03-11
1480,P101,C_049,30.0,1,2023-03-11,30.0,1.8,2023-03-25
1482,P102,C_046,75.0,1,2023-01-15,75.0,4.4,2023-01-06
1483,P104,C_089,150.0,2,2023-01-27,300.0,3.8,2023-01-03
1484,P101,C_087,150.0,4,2023-03-18,600.0,1.2,2023-03-24
1488,P105,C_097,250.5,2,2023-08-02,501.0,4.7,2023-02-02
1489,P105,C_039,30.0,3,2023-05-02,90.0,1.2,2023-03-22
1491,P104,C_082,30.0,1,2023-02-14,30.0,2.6,2023-02-25
1492,P104,C_078,250.5,1,2023-02-23,250.5,1.2,2023-03-24
1493,P102,C_049,30.0,2,2023-03-10,60.0,3.1,2023-02-01
1494,P102,C_039,250.5,1,2023-01-19,250.5,4.5,2023-01-23
1495,P101,C_082,30.0,4,2023-03-13,120.0,3.2,2023-01-16
1496,P102,C_060,75.0,3,2023-01-27,225.0,3.7,2023-02-15
1497,P101,C_068,250.5,1,2023-10-03,250.5,1.2,2023-03-01
1498,P102,C_017,250.5,4,2023-03-28,1002.0,2.0,2023-03-14
1500,P105,C_038,30.0,2,2023-02-12,60.0,3.9,2023-02-26
1501,P101,C_038,75.0,1,2023-01-16,75.0,1.9,2023-03-13
1507,P101,C_083,75.0,1,2023-01-19,75.0,1.4,2023-03-26
1508,P103,C_081,120.0,5,2023-02-23,600.0,1.9,2023-03-15
1509,P102,C_036,250.5,2,2023-02-18,501.0,1.8,2023-01-05
1510,P102,C_074,120.0,1,2023-03-29,120.0,2.9,2023-02-26
1512,P102,C_056,75.0,2,2023-03-11,150.0,4.3,2023-03-04
1516,P105,C_069,250.5,1,2023-03-21,250.5,2.6,2023-03-16
1518,P105,C_081,30.0,1,2023-03-01,30.0,2.2,2023-01-09
1519,P103,C_079,250.5,1,2023-06-03,250.5,3.0,2023-02-11
1520,P104,C_033,150.0,1,2023-09-03,150.0,4.2,2023-02-08
1522,P103,C_061,150.0,3,2023-02-21,450.0,2.8,2023-02-08
1525,P104,C_059,120.0,4,2023-08-01,480.0,2.0,2023-01-20
1527,P103,C_083,150.0,5,2023-06-01,750.0,1.6,2023-01-10
1528,P102,C_099,120.0,4,2023-04-02,480.0,3.8,2023-01-13
1529,P101,C_098,250.5,5,2023-03-14,1252.5,4.1,2023-02-12
1530,P101,C_033,250.5,1,2023-01-27,250.5,1.7000000000000002,2023-03-12
1531,P102,C_061,150.0,3,2023-01-21,450.0,1.5,2023-03-09
1534,P103,C_017,150.0,4,2023-01-30,600.0,1.5,2023-01-22
1535,P103,C_088,120.0,5,2023-02-20,600.0,4.1,2023-03-13
1537,P103,C_081,30.0,4,2023-01-24,120.0,1.9,2023-03-15
1538,P105,C_095,30.0,1,2023-03-21,30.0,3.7,2023-02-28
1540,P102,C_060,250.5,3,2023-01-14,751.5,3.7,2023-02-15
1541,P101,C_050,30.0,3,2023-04-02,90.0,3.9,2023-03-17
1542,P102,C_022,75.0,4,2023-02-27,300.0,3.4,2023-01-20
1544,P103,C_081,150.0,5,2023-03-18,750.0,1.9,2023-03-15
1545,P104,C_012,250.5,4,2023-02-19,1002.0,1.1,2023-03-23
1546,P105,C_042,120.0,5,2023-01-22,600.0,2.1,2023-01-23
1547,P104,C_032,75.0,3,2023-02-08,225.0,2.5,2023-01-25
1548,P104,C_029,150.0,2,2023-02-25,300.0,4.6,2023-01-18
1549,P104,C_049,30.0,1,2023-02-16,30.0,4.1,2023-03-31
1551,P104,C_024,75.0,3,2023-01-01,225.0,2.0,2023-01-31
1552,P103,C_090,30.0,3,2023-02-26,90.0,1.6,2023-03-06
1556,P104,C_084,75.0,3,2023-02-18,225.0,3.4,2023-03-31
1557,P104,C_057,150.0,5,2023-01-26,750.0,2.4,2023-02-11
1559,P104,C_037,30.0,3,2023-03-30,90.0,4.6,2023-02-03
1560,P104,C_097,30.0,2,2023-03-23,60.0,4.3,2023-03-19
1562,P101,C_068,120.0,4,2023-03-16,480.0,1.2,2023-03-01
1564,P103,C_079,120.0,1,2023-11-01,120.0,3.0,2023-02-11
1567,P104,C_053,30.0,1,2023-02-01,30.0,2.1,2023-02-06
1568,P103,C_039,120.0,1,2023-08-03,120.0,4.6,2023-03-26
1571,P102,C_055,150.0,4,2023-01-14,600.0,1.3,2023-03-19
1572,P104,C_021,150.0,1,2023-01-19,150.0,4.2,2023-03-20
1573,P103,C_054,30.0,2,2023-03-08,60.0,2.8,2023-02-17
1574,P103,C_071,150.0,4,2023-03-31,600.0,3.1,2023-03-09
1575,P103,C_019,250.5,1,2023-01-04,250.5,1.3,2023-01-28
1577,P102,C_077,75.0,5,2023-01-21,375.0,3.1,2023-02-07
1578,P105,C_065,30.0,2,2023-02-21,60.0,4.4,2023-01-07
1583,P103,C_036,30.0,1,2023-03-02,30.0,3.8,2023-03-09
1585,P105,C_061,120.0,1,2023-02-14,120.0,2.1,2023-03-11
1587,P105,C_086,150.0,1,2023-01-18,150.0,4.2,2023-02-28
1588,P101,C_041,250.5,1,2023-01-24,250.5,4.0,2023-03-12
1592,P104,C_047,75.0,2,2023-02-10,150.0,4.5,2023-03-15
1593,P105,C_017,250.5,1,2023-04-03,250.5,2.5,2023-03-02
1594,P102,C_060,120.0,5,2023-03-25,600.0,3.7,2023-02-15
1595,P104,C_098,30.0,4,2023-04-01,120.0,2.9,2023-01-19
1596,P104,C_032,150.0,5,2023-04-01,750.0,2.5,2023-01-25
1597,P103,C_015,250.5,2,2023-03-10,501.0,4.5,2023-01-13
1598,P102,C_069,120.0,1,2023-05-03,120.0,3.8,2023-02-20
1599,P105,C_025,120.0,1,2023-04-02,120.0,4.0,2023-01-30
1600,P103,C_080,150.0,1,2023-02-26,150.0,2.9,2023-01-30
1602,P103,C_015,30.0,3,2023-02-14,90.0,4.5,2023-01-13
1603,P104,C_026,75.0,2,2023-03-17,150.0,2.2,2023-01-25
1605,P102,C_037,75.0,1,2023-03-14,75.0,2.2,2023-03-09
1606,P105,C_046,120.0,5,2023-01-22,600.0,3.4,2023-03-22
1608,P101,C_028,30.0,1,2023-05-02,30.0,2.2,2023-03-25
1609,P102,C_027,75.0,2,2023-11-02,150.0,1.3,2023-01-26
1610,P104,C_073,75.0,5,2023-03-22,375.0,3.2,2023-03-03
1611,P104,C_059,30.0,1,2023-03-23,30.0,2.0,2023-01-20
1613,P104,C_073,250.5,5,2023-01-01,1252.5,3.2,2023-03-03
1615,P101,C_079,30.0,2,2023-02-24,60.0,2.8,2023-01-22
1617,P105,C_027,120.0,4,2023-02-13,480.0,1.2,2023-01-14
1619,P101,C_031,30.0,4,2023-01-01,120.0,1.8,2023-03-18
1620,P102,C_099,75.0,1,2023-08-02,75.0,3.8,2023-01-13
1624,P101,C_011,75.0,4,2023-10-01,300.0,2.3,2023-01-15
1625,P105,C_039,120.0,1,2023-02-26,120.0,1.2,2023-03-22
1626,P101,C_054,150.0,4,2023-03-30,600.0,1.8,2023-03-23
1630,P105,C_083,150.0,5,2023-03-25,750.0,2.0,2023-03-11
1632,P102,C_063,120.0,1,2023-02-26,120.0,3.2,2023-03-27
1633,P101,C_023,75.0,1,2023-03-17,75.0,4.4,2023-01-21
1634,P104,C_055,30.0,3,2023-01-18,90.0,1.3,2023-03-28
1636,P105,C_088,250.5,1,2023-04-01,250.5,3.2,2023-01-05
1639,P104,C_025,75.0,4,2023-03-23,300.0,2.2,2023-03-24
1640,P101,C_078,150.0,3,2023-10-02,450.0,4.7,2023-01-31
1641,P104,C_083,30.0,3,2023-11-03,90.0,3.4,2023-03-04
1642,P102,C_071,150.0,1,2023-03-17,150.0,4.1,2023-01-14
1643,P101,C_044,75.0,1,2023-01-08,75.0,2.6,2023-02-24
1645,P104,C_062,150.0,1,2023-10-03,150.0,4.4,2023-03-10
1647,P105,C_037,75.0,5,2023-02-11,375.0,4.5,2023-03-06
1650,P101,C_066,150.0,4,2023-03-20,600.0,2.5,2023-03-19
1652,P102,C_026,150.0,1,2023-01-18,150.0,4.1,2023-03-25
1653,P101,C_031,30.0,3,2023-08-03,90.0,1.8,2023-03-18
1654,P103,C_032,250.5,2,2023-04-02,501.0,2.3,2023-03-16
1655,P101,C_014,250.5,4,2023-04-02,1002.0,2.5,2023-03-01
1657,P104,C_069,120.0,3,2023-01-08,360.0,1.3,2023-03-02
1658,P105,C_032,250.5,2,2023-02-02,501.0,2.1,2023-03-31
1660,P105,C_011,150.0,1,2023-01-02,150.0,4.2,2023-02-23
1661,P104,C_057,30.0,2,2023-01-23,60.0,2.4,2023-02-11
1662,P105,C_094,30.0,2,2023-11-02,60.0,4.4,2023-02-13
1666,P103,C_052,150.0,5,2023-02-28,750.0,4.4,2023-03-03
1667,P103,C_036,250.5,5,2023-08-02,1252.5,3.8,2023-03-09
1668,P105,C_042,30.0,3,2023-03-17,90.0,2.1,2023-01-23
1670,P101,C_040,120.0,3,2023-03-23,360.0,1.3,2023-04-01
1672,P103,C_024,75.0,5,2023-01-31,375.0,2.3,2023-03-25
1673,P104,C_018,75.0,1,2023-05-02,75.0,2.1,2023-01-30
1674,P101,C_040,120.0,4,2023-03-31,480.0,1.3,2023-04-01
1675,P104,C_021,120.0,1,2023-06-03,120.0,4.2,2023-03-20
1678,P103,C_051,30.0,3,2023-01-30,90.0,1.3,2023-03-10
1679,P102,C_028,120.0,1,2023-01-20,120.0,2.1,2023-03-31
1680,P102,C_068,30.0,3,2023-02-22,90.0,2.8,2023-03-04
1681,P105,C_056,75.0,4,2023-02-09,300.0,3.6,2023-04-01
1682,P103,C_026,150.0,2,2023-03-29,300.0,3.6,2023-03-28
1684,P102,C_056,30.0,5,2023-07-01,150.0,4.3,2023-03-04
1685,P103,C_044,75.0,1,2023-02-21,75.0,1.9,2023-02-07
1686,P105,C_081,75.0,1,2023-01-03,75.0,2.2,2023-01-09
1687,P102,C_026,150.0,1,2023-01-29,150.0,4.1,2023-03-25
1691,P103,C_026,150.0,4,2023-07-01,600.0,3.6,2023-03-28
1693,P104,C_098,30.0,2,2023-02-15,60.0,2.9,2023-01-19
1694,P102,C_046,250.5,4,2023-01-20,1002.0,4.4,2023-01-06
1695,P105,C_090,120.0,2,2023-03-24,240.0,3.8,2023-03-23
1696,P104,C_063,120.0,4,2023-08-01,480.0,3.5,2023-03-26
1700,P105,C_052,30.0,3,2023-01-24,90.0,3.9,2023-02-28
1702,P104,C_078,250.5,5,2023-01-30,1252.5,1.2,2023-03-24
1704,P101,C_039,120.0,4,2023-02-15,480.0,4.7,2023-03-27
1707,P105,C_029,120.0,2,2023-05-03,240.0,3.9,2023-01-16
1708,P103,C_033,30.0,1,2023-12-01,30.0,3.3,2023-03-07
1709,P102,C_088,75.0,1,2023-03-09,75.0,2.8,2023-03-18
1711,P102,C_052,150.0,1,2023-01-19,150.0,1.3,2023-02-26
1713,P104,C_086,150.0,3,2023-02-08,450.0,2.6,2023-01-21
1717,P103,C_099,250.5,2,2023-01-23,501.0,4.4,2023-01-20
1719,P105,C_051,120.0,2,2023-03-23,240.0,3.3,2023-03-25
1720,P101,C_074,75.0,3,2023-10-01,225.0,1.9,2023-02-12
1721,P103,C_051,75.0,1,2023-12-01,75.0,1.3,2023-03-10
1722,P103,C_068,150.0,3,2023-01-27,450.0,4.6,2023-02-01
1723,P101,C_055,250.5,1,2023-01-01,250.5,3.0,2023-02-09
1725,P104,C_059,250.5,5,2023-02-18,1252.5,2.0,2023-01-20
1728,P103,C_024,150.0,3,2023-01-22,450.0,2.3,2023-03-25
1731,P102,C_088,30.0,2,2023-07-01,60.0,2.8,2023-03-18
1734,P101,C_017,30.0,5,2023-03-12,150.0,1.5,2023-03-18
1735,P102,C_017,250.5,1,2023-02-24,250.5,2.0,2023-03-14
1737,P101,C_014,75.0,2,2023-03-23,150.0,2.5,2023-03-01
1739,P104,C_095,250.5,1,2023-03-24,250.5,3.5,2023-03-26
1740,P104,C_034,250.5,4,2023-02-17,1002.0,2.4,2023-02-26
1741,P104,C_016,250.5,4,2023-03-01,1002.0,4.0,2023-03-26
1746,P104,C_049,150.0,4,2023-05-01,600.0,4.1,2023-03-31
1747,P105,C_077,120.0,1,2023-03-21,120.0,3.1,2023-03-12
1748,P101,C_068,75.0,2,2023-01-28,150.0,1.2,2023-03-01
1749,P102,C_016,30.0,1,2023-03-29,30.0,2.5,2023-02-07
1751,P101,C_022,30.0,5,2023-02-20,150.0,1.6,2023-03-08
1752,P103,C_046,120.0,4,2023-02-01,480.0,1.7000000000000002,2023-01-18
1753,P105,C_086,120.0,4,2023-01-15,480.0,4.2,2023-02-28
1755,P101,C_083,150.0,3,2023-03-10,450.0,1.4,2023-03-26
1761,P103,C_046,30.0,1,2023-03-29,30.0,1.7000000000000002,2023-01-18
1762,P102,C_028,250.5,1,2023-02-26,250.5,2.1,2023-03-31
1763,P103,C_064,120.0,1,2023-12-01,120.0,2.1,2023-02-27
1764,P104,C_038,30.0,1,2023-04-03,30.0,2.5,2023-02-17
1765,P103,C_018,120.0,2,2023-01-09,240.0,1.4,2023-03-31
1766,P105,C_062,75.0,5,2023-03-14,375.0,4.1,2023-03-20
1768,P104,C_017,250.5,1,2023-01-26,250.5,3.2,2023-01-04
1769,P103,C_070,120.0,4,2023-03-23,480.0,1.4,2023-03-16
1770,P101,C_041,250.5,4,2023-03-18,1002.0,4.0,2023-03-12
1771,P102,C_071,120.0,5,2023-02-14,600.0,4.1,2023-01-14
1773,P101,C_060,150.0,2,2023-03-15,300.0,2.1,2023-03-17
1775,P104,C_076,150.0,1,2023-01-02,150.0,4.6,2023-03-15
1777,P103,C_088,250.5,1,2023-01-04,250.5,4.1,2023-03-13
1778,P103,C_065,30.0,3,2023-02-28,90.0,4.0,2023-03-29
1779,P102,C_070,250.5,1,2023-08-03,250.5,1.6,2023-01-15
1780,P104,C_085,150.0,1,2023-07-03,150.0,2.4,2023-02-07
1782,P103,C_098,150.0,4,2023-01-09,600.0,3.0,2023-03-26
1783,P103,C_092,250.5,3,2023-03-02,751.5,3.3,2023-03-11
1784,P103,C_035,75.0,5,2023-01-31,375.0,4.6,2023-03-04
1786,P101,C_094,30.0,3,2023-02-03,90.0,4.9,2023-03-14
1788,P105,C_035,250.5,1,2023-01-29,250.5,3.5,2023-03-04
1793,P102,C_056,75.0,1,2023-02-09,75.0,4.3,2023-03-04
1796,P105,C_020,30.0,2,2023-06-03,60.0,1.1,2023-03-27
1797,P104,C_078,250.5,4,2023-07-01,1002.0,1.2,2023-03-24
1798,P102,C_036,250.5,4,2023-03-14,1002.0,1.8,2023-01-05
1800,P103,C_091,75.0,3,2023-03-23,225.0,3.0,2023-02-24
1801,P101,C_068,250.5,2,2023-01-22,501.0,1.2,2023-03-01
1802,P102,C_073,150.0,2,2023-03-20,300.0,1.9,2023-02-03
1803,P104,C_062,30.0,4,2023-02-19,120.0,4.4,2023-03-10
1804,P101,C_079,75.0,1,2023-02-17,75.0,2.8,2023-01-22
1807,P101,C_060,120.0,5,2023-09-02,600.0,2.1,2023-03-17
1809,P105,C_087,120.0,3,2023-02-25,360.0,2.8,2023-01-17
1810,P102,C_054,30.0,3,2023-01-25,90.0,4.7,2023-03-22
1811,P104,C_013,75.0,2,2023-01-17,150.0,4.2,2023-01-15
1812,P101,C_086,120.0,2,2023-01-16,240.0,3.1,2023-03-28
1814,P101,C_087,150.0,1,2023-01-14,150.0,1.2,2023-03-24
1816,P104,C_026,120.0,3,2023-02-03,360.0,2.2,2023-01-25
1819,P103,C_090,120.0,1,2023-01-18,120.0,1.6,2023-03-06
1823,P103,C_031,150.0,5,2023-05-03,750.0,3.0,2023-02-25
1824,P104,C_053,75.0,1,2023-02-01,75.0,2.1,2023-02-06
1825,P101,C_025,120.0,1,2023-05-03,120.0,3.9,2023-03-10
1827,P102,C_069,250.5,3,2023-01-03,751.5,3.8,2023-02-20
1828,P101,C_033,150.0,3,2023-02-16,450.0,1.7000000000000002,2023-03-12
1831,P103,C_067,120.0,3,2023-01-12,360.0,2.6,2023-03-31
1832,P103,C_034,150.0,4,2023-02-21,600.0,2.2,2023-03-24
1835,P101,C_064,120.0,4,2023-03-14,480.0,2.3,2023-03-16
1836,P104,C_034,120.0,4,2023-02-15,480.0,2.4,2023-02-26
1838,P101,C_063,30.0,1,2023-01-09,30.0,2.1,2023-02-25
1840,P105,C_083,75.0,1,2023-02-13,75.0,2.0,2023-03-11
1844,P102,C_075,30.0,4,2023-01-22,120.0,1.0,2023-03-03
1845,P104,C_052,75.0,3,2023-05-02,225.0,3.5,2023-01-10
1846,P105,C_039,120.0,1,2023-02-18,120.0,1.2,2023-03-22
1847,P102,C_021,30.0,4,2023-03-15,120.0,1.7000000000000002,2023-01-14
1848,P101,C_074,30.0,3,2023-01-16,90.0,1.9,2023-02-12
1850,P105,C_011,150.0,5,2023-03-21,750.0,4.2,2023-02-23
1852,P104,C_054,250.5,1,2023-01-29,250.5,1.9,2023-03-17
1853,P103,C_082,120.0,5,2023-02-03,600.0,3.8,2023-03-19
1854,P103,C_068,150.0,1,2023-03-26,150.0,4.6,2023-02-01
1855,P101,C_054,250.5,1,2023-07-02,250.5,1.8,2023-03-23
1858,P103,C_089,75.0,2,2023-01-16,150.0,2.4,2023-02-08
1859,P102,C_069,75.0,1,2023-02-13,75.0,3.8,2023-02-20
1862,P104,C_011,120.0,1,2023-07-01,120.0,3.6,2023-02-08
1863,P104,C_085,30.0,5,2023-01-23,150.0,2.4,2023-02-07
1865,P105,C_088,250.5,5,2023-02-19,1252.5,3.2,2023-01-05
1867,P103,C_068,75.0,2,2023-02-22,150.0,4.6,2023-02-01
1870,P103,C_098,250.5,1,2023-01-17,250.5,3.0,2023-03-26
1871,P102,C_075,120.0,1,2023-03-23,120.0,1.0,2023-03-03
1872,P101,C_056,120.0,4,2023-03-16,480.0,4.6,2023-03-10
1874,P101,C_077,150.0,1,2023-02-18,150.0,3.9,2023-03-15
1876,P103,C_098,250.5,2,2023-08-01,501.0,3.0,2023-03-26
1880,P101,C_059,30.0,4,2023-03-29,120.0,2.6,2023-03-08
1881,P105,C_017,150.0,1,2023-02-02,150.0,2.5,2023-03-02
1882,P105,C_067,75.0,1,2023-01-04,75.0,2.4,2023-01-07
1883,P103,C_086,120.0,1,2023-03-19,120.0,2.0,2023-03-02
1884,P102,C_048,30.0,2,2023-03-29,60.0,3.0,2023-02-28
1886,P101,C_065,250.5,5,2023-03-02,1252.5,2.8,2023-03-05
1888,P102,C_016,75.0,3,2023-03-18,225.0,2.5,2023-02-07
1889,P105,C_095,250.5,4,2023-03-15,1002.0,3.7,2023-02-28
1891,P102,C_077,150.0,5,2023-01-21,750.0,3.1,2023-02-07
1893,P102,C_095,250.5,3,2023-02-16,751.5,2.0,2023-03-31
1896,P105,C_090,75.0,1,2023-03-29,75.0,3.8,2023-03-23
1897,P104,C_025,30.0,3,2023-11-03,90.0,2.2,2023-03-24
1898,P103,C_014,120.0,3,2023-07-03,360.0,2.1,2023-02-25
1899,P104,C_073,150.0,3,2023-03-25,450.0,3.2,2023-03-03
1903,P104,C_093,150.0,1,2023-03-29,150.0,2.5,2023-03-02
1905,P101,C_017,75.0,3,2023-03-13,225.0,1.5,2023-03-18
1907,P104,C_066,250.5,1,2023-02-19,250.5,4.8,2023-03-27
1908,P101,C_079,150.0,1,2023-03-21,150.0,2.8,2023-01-22
1911,P103,C_067,30.0,4,2023-03-26,120.0,2.6,2023-03-31
1912,P104,C_031,120.0,2,2023-01-18,240.0,2.8,2023-02-18
1913,P104,C_080,250.5,1,2023-01-19,250.5,2.9,2023-02-25
1914,P103,C_012,120.0,5,2023-01-19,600.0,2.4,2023-03-23
1915,P101,C_011,120.0,5,2023-02-20,600.0,2.3,2023-01-15
1916,P105,C_021,250.5,2,2023-02-14,501.0,4.2,2023-01-29
1917,P104,C_093,120.0,2,2023-01-21,240.0,2.5,2023-03-02
1918,P102,C_089,250.5,2,2023-01-15,501.0,2.5,2023-03-11
1919,P105,C_017,120.0,4,2023-03-24,480.0,2.5,2023-03-02
1922,P102,C_023,250.5,5,2023-09-01,1252.5,3.9,2023-02-26
1923,P103,C_073,30.0,3,2023-03-20,90.0,2.4,2023-02-27
1924,P103,C_099,120.0,2,2023-03-14,240.0,4.4,2023-01-20
1925,P103,C_051,30.0,2,2023-01-01,60.0,1.3,2023-03-10
1930,P102,C_079,75.0,3,2023-03-22,225.0,4.2,2023-01-30
1932,P105,C_062,120.0,2,2023-05-01,240.0,4.1,2023-03-20
1933,P103,C_080,120.0,4,2023-03-25,480.0,2.9,2023-01-30
1934,P103,C_061,75.0,5,2023-07-02,375.0,2.8,2023-02-08
1935,P104,C_075,120.0,1,2023-02-20,120.0,4.0,2023-03-05
1939,P101,C_039,30.0,2,2023-01-09,60.0,4.7,2023-03-27
1943,P103,C_085,120.0,5,2023-01-23,600.0,1.3,2023-03-22
1944,P104,C_057,120.0,1,2023-10-01,120.0,2.4,2023-02-11
1945,P103,C_059,75.0,5,2023-02-21,375.0,1.5,2023-01-17
1946,P103,C_073,30.0,5,2023-01-01,150.0,2.4,2023-02-27
1947,P102,C_067,75.0,2,2023-10-01,150.0,1.4,2023-02-17
1948,P103,C_038,75.0,2,2023-01-21,150.0,2.0,2023-03-16
1952,P101,C_027,120.0,5,2023-01-21,600.0,4.7,2023-01-23
1954,P103,C_034,120.0,4,2023-03-18,480.0,2.2,2023-03-24
1955,P101,C_095,250.5,1,2023-01-28,250.5,3.3,2023-03-30
1957,P105,C_029,120.0,2,2023-03-21,240.0,3.9,2023-01-16
1958,P105,C_044,75.0,1,2023-03-29,75.0,4.9,2023-03-21
1959,P104,C_087,120.0,1,2023-01-30,120.0,3.5,2023-03-15
1960,P104,C_027,150.0,1,2023-01-26,150.0,2.8,2023-03-26
1962,P102,C_071,120.0,5,2023-05-01,600.0,4.1,2023-01-14
1963,P105,C_026,150.0,4,2023-03-26,600.0,2.5,2023-01-21
1964,P105,C_080,150.0,1,2023-03-25,150.0,1.5,2023-03-27
1967,P105,C_023,30.0,2,2023-02-02,60.0,1.5,2023-03-26
1968,P102,C_021,250.5,5,2023-03-11,1252.5,1.7000000000000002,2023-01-14
1969,P103,C_035,150.0,1,2023-01-01,150.0,4.6,2023-03-04
1970,P105,C_026,120.0,1,2023-02-18,120.0,2.5,2023-01-21
1971,P102,C_099,250.5,4,2023-02-16,1002.0,3.8,2023-01-13
1973,P105,C_065,120.0,3,2023-03-20,360.0,4.4,2023-01-07
1974,P104,C_037,30.0,5,2023-03-13,150.0,4.6,2023-02-03
1975,P102,C_058,120.0,5,2023-03-03,600.0,4.7,2023-03-09
1976,P103,C_084,250.5,1,2023-02-20,250.5,1.8,2023-02-23
1977,P102,C_095,150.0,1,2023-01-30,150.0,2.0,2023-03-31
1978,P102,C_023,75.0,5,2023-02-21,375.0,3.9,2023-02-26
1981,P104,C_087,30.0,1,2023-01-09,30.0,3.5,2023-03-15
1982,P102,C_058,150.0,5,2023-05-01,750.0,4.7,2023-03-09
1983,P104,C_062,120.0,1,2023-03-08,120.0,4.4,2023-03-10
1984,P105,C_018,75.0,1,2023-03-05,75.0,3.8,2023-01-27
1986,P101,C_087,120.0,5,2023-03-31,600.0,1.2,2023-03-24
1988,P101,C_031,150.0,3,2023-02-21,450.0,1.8,2023-03-18
1989,P104,C_062,120.0,2,2023-08-03,240.0,4.4,2023-03-10
1990,P101,C_022,120.0,3,2023-03-13,360.0,1.6,2023-03-08
1991,P103,C_055,250.5,2,2023-03-19,501.0,2.1,2023-02-08
1992,P104,C_062,120.0,1,2023-03-02,120.0,4.4,2023-03-10
1993,P104,C_075,150.0,5,2023-10-01,750.0,4.0,2023-03-05
1994,P103,C_054,150.0,5,2023-02-02,750.0,2.8,2023-02-17
1998,P104,C_092,75.0,1,2023-03-31,75.0,1.7000000000000002,2023-03-31
2000,P103,C_042,250.5,1,2023-02-21,250.5,3.7,2023-01-31
