sale_id,product_id,customer_id,sale_price,quantity,sale_date
1001,P101,C_001,$150.00,2,15-01-2023
1002,P102,C_002,$75,3,01/20/2023
1003,P103,C_001,$250.50,1,25-01-2023
1004,P101,C_003,$150.00,4,01-02-2023
1005,P104,C_004,$30.00,,05-02-2023
1006,P102,C_005,$75,2,10-02-2023
1007,P105,C_003,120,1,02/15/2023
1008,P101,C_006,$150,3,20-02-2023
1009,P103,C_007,,2,25-02-2023
1010,P104,C_008,$30.00,5,01-03-2023
1011,P102,C_009,$75,1,05-03-2023
1012,P105,C_001,$120.00,3,10-03-2023
1013,P103,C_010,250.5,1,15-03-2023
1014,P101,C_014,,3,01-02-2023
1015,P102,C_024,,,11-03-2023
1016,P105,C_065,$150.00,1,12-01-2023
1017,P102,C_075,120,1,13-03-2023
1018,P105,C_064,$75,4,03/17/2023
1019,P101,C_031,,4,02/13/2023
1020,P102,C_038,$250.50,1,01-12-2023
1021,P101,C_056,$250.50,5,03-02-2023
1022,P104,C_079,$150.00,4,11-01-2023
1023,P103,C_091,120,3,15-03-2023
1024,P101,C_016,,2,07-02-2023
1025,P102,C_023,$30.00,3,28-02-2023
1026,P103,C_031,$250.50,3,27-01-2023
1027,P103,C_098,,1,19-03-2023
1028,P102,C_079,,2,01/21/2023
1029,P104,C_045,,,13-03-2023
1030,P103,C_018,$75,1,02-10-2023
1031,P103,C_019,$75,5,10-02-2023
1032,P104,C_061,,4,01/19/2023
1033,P102,C_042,,5,03-10-2023
1034,P105,C_065,120,4,16-02-2023
1035,P102,C_076,$30.00,1,07-01-2023
1036,P102,C_091,$75,,24-02-2023
1037,P101,C_060,$30.00,5,01-03-2023
1038,P103,C_081,$150.00,,15-01-2023
1039,P105,C_045,,3,01/15/2023
1040,P104,C_031,$30.00,1,03-02-2023
1041,P102,C_075,$150.00,,08-02-2023
1042,P105,C_088,$75,2,17-02-2023
1043,P105,C_078,$150.00,5,02-11-2023
1044,P101,C_025,$250.50,3,31-01-2023
1045,P102,C_083,$150.00,1,04-03-2023
1046,P105,C_027,$75,,02-03-2023
1047,P102,C_044,120,5,24-02-2023
1048,P105,C_099,$75,,02-09-2023
1049,P103,C_067,120,4,16-01-2023
1050,P102,C_019,$250.50,1,17-03-2023
1051,P102,C_086,$75,1,10-01-2023
1052,P101,C_040,$150.00,1,12-02-2023
1053,P105,C_041,$250.50,,04-03-2023
1054,P105,C_027,,5,03/15/2023
1055,P102,C_071,$30.00,2,13-01-2023
1056,P104,C_056,$30.00,4,01-03-2023
1057,P101,C_097,,,13-01-2023
1058,P104,C_054,$150.00,2,25-01-2023
1059,P105,C_068,$75,4,01/24/2023
1060,P104,C_042,$150.00,4,12-03-2023
1061,P101,C_094,120,1,12-01-2023
1062,P102,C_063,$30.00,4,01/28/2023
1063,P101,C_032,$30.00,1,02/19/2023
1064,P104,C_047,$30.00,,13-03-2023
1065,P104,C_030,$75,3,28-01-2023
1066,P105,C_080,$150.00,,10-02-2023
1067,P101,C_085,$30.00,5,09-03-2023
1068,P101,C_076,$150.00,2,09-01-2023
1069,P101,C_097,$75,4,16-01-2023
1070,P102,C_085,120,1,21-03-2023
1071,P104,C_095,120,5,03-08-2023
1072,P103,C_037,,,10-02-2023
1073,P103,C_061,$75,,03/24/2023
1074,P104,C_051,$150.00,1,28-02-2023
1075,P105,C_023,$150.00,5,28-01-2023
1076,P103,C_027,$250.50,1,02-01-2023
1077,P103,C_031,$30.00,5,04-01-2023
1078,P105,C_094,120,1,27-03-2023
1079,P103,C_095,$150.00,2,03-02-2023
1080,P101,C_081,$75,3,06-02-2023
1081,P102,C_054,$75,,03/23/2023
1082,P105,C_073,$250.50,1,12-01-2023
1083,P104,C_046,$150.00,1,12-02-2023
1084,P103,C_031,,4,12-03-2023
1085,P104,C_082,$150.00,1,10-01-2023
1086,P102,C_080,$150.00,3,16-03-2023
1087,P102,C_066,$75,1,02-09-2023
1088,P101,C_056,$75,,01-02-2023
1089,P101,C_056,120,4,21-03-2023
1090,P102,C_041,$75,2,22-02-2023
1091,P102,C_053,$30.00,,02-01-2023
1092,P102,C_024,$30.00,1,02-03-2023
1093,P102,C_069,$250.50,3,30-01-2023
1094,P101,C_095,$75,4,02-12-2023
1095,P101,C_046,$250.50,,03-07-2023
1096,P105,C_053,$150.00,1,03-02-2023
1097,P105,C_044,$150.00,1,03/18/2023
1098,P103,C_051,$30.00,5,07-03-2023
1099,P104,C_084,$75,3,06-01-2023
1100,P104,C_011,120,5,29-03-2023
1101,P102,C_057,$30.00,1,03/27/2023
1102,P105,C_051,,1,08-02-2023
1103,P103,C_096,$30.00,3,21-02-2023
1104,P103,C_081,$75,2,23-02-2023
1105,P104,C_097,,2,20-03-2023
1106,P103,C_062,120,1,02-08-2023
1107,P102,C_066,120,5,03/25/2023
1108,P104,C_067,$30.00,,28-01-2023
1109,P104,C_032,,1,06-02-2023
1110,P105,C_053,$150.00,2,03/28/2023
1111,P102,C_036,$75,1,06-01-2023
1112,P104,C_089,$150.00,4,23-02-2023
1113,P105,C_035,,,02/19/2023
1114,P104,C_042,$75,,30-03-2023
1115,P101,C_065,$75,2,31-03-2023
1116,P104,C_017,120,2,01/16/2023
1117,P102,C_070,,5,13-03-2023
1118,P103,C_067,120,,03-06-2023
1119,P105,C_068,$75,,03-02-2023
1120,P103,C_042,,3,03-08-2023
1121,P102,C_046,$30.00,1,06-02-2023
1122,P103,C_053,$250.50,5,11-01-2023
1123,P102,C_040,$30.00,,20-01-2023
1124,P102,C_019,$30.00,4,12-02-2023
1125,P104,C_064,$150.00,2,02/23/2023
1126,P105,C_013,120,4,03-03-2023
1127,P103,C_049,$30.00,4,10-03-2023
1128,P105,C_088,$75,4,01/29/2023
1129,P104,C_073,$150.00,4,13-02-2023
1130,P104,C_032,$30.00,2,21-03-2023
1131,P101,C_061,120,5,26-03-2023
1132,P101,C_093,$30.00,2,01-03-2023
1133,P101,C_044,$30.00,3,01/28/2023
1134,P103,C_054,$30.00,3,02/23/2023
1135,P101,C_071,$150.00,,11-03-2023
1136,P103,C_039,,1,25-03-2023
1137,P101,C_042,$75,1,21-03-2023
1138,P102,C_027,$30.00,,15-01-2023
1139,P102,C_070,,3,17-02-2023
1140,P105,C_088,,,15-01-2023
1141,P103,C_024,120,1,09-02-2023
1142,P104,C_061,,2,10-01-2023
1143,P102,C_024,,3,29-03-2023
1144,P101,C_083,$150.00,3,03-10-2023
1145,P103,C_019,120,,13-02-2023
1146,P104,C_073,$150.00,4,16-02-2023
1147,P104,C_030,$30.00,2,08-03-2023
1148,P103,C_089,120,4,03-01-2023
1149,P105,C_045,$250.50,2,01-12-2023
1150,P104,C_042,$30.00,5,20-03-2023
1151,P104,C_054,$150.00,4,11-02-2023
1152,P104,C_038,$250.50,3,02/13/2023
1153,P105,C_046,120,1,08-03-2023
1154,P101,C_041,,4,04-03-2023
1155,P102,C_099,$30.00,,03-04-2023
1156,P101,C_022,$250.50,2,21-02-2023
1157,P102,C_050,,5,02/17/2023
1158,P105,C_078,$250.50,4,03-12-2023
1159,P103,C_069,$250.50,3,02-02-2023
1160,P101,C_035,$250.50,1,10-03-2023
1161,P102,C_035,$75,,03-03-2023
1162,P105,C_078,120,3,13-01-2023
1163,P103,C_040,$250.50,2,08-02-2023
1164,P105,C_027,$250.50,1,07-01-2023
1165,P103,C_027,,4,14-01-2023
1166,P105,C_047,$30.00,4,02/26/2023
1167,P102,C_017,$250.50,4,15-01-2023
1168,P104,C_073,$150.00,5,22-03-2023
1169,P101,C_030,$75,5,08-02-2023
1170,P102,C_026,120,4,19-03-2023
1171,P105,C_039,120,4,02/27/2023
1172,P103,C_086,$30.00,3,14-03-2023
1173,P101,C_089,,1,27-01-2023
1174,P102,C_044,,1,21-01-2023
1175,P102,C_081,$150.00,2,01-01-2023
1176,P104,C_099,120,4,07-02-2023
1177,P102,C_047,,3,03/31/2023
1178,P101,C_098,$75,3,22-03-2023
1179,P102,C_065,$150.00,5,29-01-2023
1180,P102,C_045,$75,1,08-01-2023
1181,P103,C_087,,5,02-06-2023
1182,P101,C_070,,3,03/31/2023
1183,P103,C_075,120,4,26-02-2023
1184,P105,C_016,$30.00,,11-02-2023
1185,P103,C_014,$150.00,2,28-03-2023
1186,P105,C_013,,3,15-03-2023
1187,P102,C_071,120,,02/26/2023
1188,P102,C_085,$30.00,,04-03-2023
1189,P104,C_055,$30.00,3,11-02-2023
1190,P101,C_031,$250.50,4,03/30/2023
1191,P103,C_095,$30.00,5,01-05-2023
1192,P101,C_051,$250.50,3,01/15/2023
1193,P105,C_011,,5,03-01-2023
1194,P101,C_035,120,3,03/21/2023
1195,P104,C_017,$75,3,12-03-2023
1196,P103,C_067,,4,16-01-2023
1197,P105,C_041,,2,09-02-2023
1198,P101,C_081,$30.00,1,29-01-2023
1199,P104,C_026,,2,05-03-2023
1200,P103,C_076,,3,02/23/2023
1201,P104,C_042,$30.00,5,01/19/2023
1202,P102,C_087,120,,18-01-2023
1203,P103,C_064,$250.50,5,04-02-2023
1204,P103,C_049,120,5,03/26/2023
1205,P102,C_068,120,4,02/14/2023
1206,P105,C_080,$30.00,4,11-02-2023
1207,P102,C_084,$30.00,2,22-02-2023
1208,P103,C_071,,4,19-02-2023
1209,P102,C_074,$150.00,2,06-03-2023
1210,P103,C_023,$30.00,1,03-09-2023
1211,P101,C_029,$30.00,,20-01-2023
1212,P104,C_044,$250.50,5,03/30/2023
1213,P101,C_053,,5,02/18/2023
1214,P104,C_080,$150.00,5,09-01-2023
1215,P103,C_040,,1,25-02-2023
1216,P101,C_067,$75,,08-02-2023
1217,P101,C_052,$150.00,3,02/15/2023
1218,P104,C_029,$75,5,22-02-2023
1219,P102,C_032,$75,1,03/20/2023
1220,P105,C_098,$75,4,16-03-2023
1221,P102,C_070,,3,02/28/2023
1222,P101,C_070,$250.50,,11-03-2023
1223,P101,C_067,$250.50,5,08-02-2023
1224,P104,C_099,$250.50,4,08-02-2023
1225,P104,C_072,$150.00,2,18-02-2023
1226,P103,C_084,$250.50,,07-02-2023
1227,P104,C_046,$150.00,5,29-03-2023
1228,P101,C_088,,4,06-02-2023
1229,P105,C_056,$75,,25-01-2023
1230,P103,C_097,,,29-03-2023
1231,P101,C_091,,1,02-09-2023
1232,P101,C_085,$250.50,,17-01-2023
1233,P103,C_052,,4,23-01-2023
1234,P102,C_080,$250.50,5,03-06-2023
1235,P102,C_043,$30.00,3,13-02-2023
1236,P104,C_020,$75,2,28-03-2023
1237,P104,C_082,$250.50,1,20-02-2023
1238,P103,C_079,$150.00,4,17-02-2023
1239,P103,C_085,$30.00,,17-02-2023
1240,P102,C_071,$150.00,5,03/13/2023
1241,P105,C_039,,1,03/23/2023
1242,P103,C_094,$30.00,1,18-01-2023
1243,P101,C_049,$30.00,1,13-01-2023
1244,P105,C_028,$30.00,4,17-02-2023
1245,P105,C_064,120,,01/20/2023
1246,P101,C_073,120,4,05-02-2023
1247,P103,C_038,$30.00,4,01/31/2023
1248,P101,C_098,$250.50,5,03/24/2023
1249,P101,C_061,$250.50,2,01/16/2023
1250,P101,C_095,$75,,23-03-2023
1251,P101,C_017,$250.50,2,17-01-2023
1252,P102,C_019,120,2,17-03-2023
1253,P102,C_053,$75,5,01-01-2023
1254,P102,C_027,120,3,23-01-2023
1255,P101,C_027,$150.00,3,31-01-2023
1256,P103,C_013,$75,3,07-01-2023
1257,P104,C_078,$150.00,,01-09-2023
1258,P104,C_057,120,5,01/14/2023
1259,P105,C_039,120,1,26-03-2023
1260,P103,C_069,,1,01-08-2023
1261,P104,C_065,,1,04-03-2023
1262,P104,C_020,$150.00,3,19-03-2023
1263,P101,C_027,$250.50,5,23-03-2023
1264,P105,C_052,$30.00,5,03-09-2023
1265,P104,C_075,120,4,13-01-2023
1266,P101,C_094,,5,01/28/2023
1267,P104,C_040,$30.00,3,02/28/2023
1268,P104,C_023,$250.50,4,10-02-2023
1269,P103,C_058,$75,,02-03-2023
1270,P101,C_021,$150.00,4,13-01-2023
1271,P103,C_027,120,1,17-03-2023
1272,P105,C_053,,1,02/22/2023
1273,P104,C_017,$250.50,5,02-09-2023
1274,P101,C_084,120,2,20-01-2023
1275,P104,C_039,$150.00,3,03/13/2023
1276,P101,C_046,120,2,24-02-2023
1277,P105,C_089,,,13-03-2023
1278,P105,C_095,,3,04-01-2023
1279,P103,C_050,$250.50,3,01-01-2023
1280,P102,C_083,,4,09-01-2023
1281,P101,C_022,,5,01/28/2023
1282,P104,C_069,$250.50,2,02/17/2023
1283,P103,C_083,120,1,07-01-2023
1284,P102,C_090,$150.00,,01-11-2023
1285,P104,C_095,$30.00,4,03/19/2023
1286,P104,C_045,$75,5,01/15/2023
1287,P104,C_025,$250.50,,28-03-2023
1288,P104,C_078,,3,06-01-2023
1289,P104,C_087,$150.00,1,01/27/2023
1290,P102,C_028,$250.50,3,11-02-2023
1291,P101,C_074,,4,23-01-2023
1292,P104,C_079,,2,06-03-2023
1293,P103,C_020,$30.00,,01-06-2023
1294,P101,C_069,$150.00,3,03/15/2023
1295,P105,C_062,,,02/23/2023
1296,P101,C_062,$150.00,3,22-01-2023
1297,P104,C_099,$250.50,1,25-02-2023
1298,P102,C_066,120,4,09-03-2023
1299,P104,C_050,,3,01/29/2023
1300,P102,C_020,120,,15-01-2023
1301,P105,C_035,$250.50,3,24-03-2023
1302,P102,C_024,$75,3,26-01-2023
1303,P105,C_030,,1,23-01-2023
1304,P104,C_070,120,5,27-02-2023
1305,P105,C_093,,5,11-02-2023
1306,P103,C_030,$30.00,1,03-02-2023
1307,P103,C_046,120,1,15-02-2023
1308,P101,C_050,$30.00,4,05-01-2023
1309,P103,C_047,$150.00,,12-01-2023
1310,P105,C_075,$30.00,4,16-03-2023
1311,P101,C_068,120,,01/25/2023
1312,P105,C_071,120,2,01-08-2023
1313,P101,C_054,,1,06-03-2023
1314,P102,C_016,$75,,02/26/2023
1315,P105,C_077,120,2,02/16/2023
1316,P103,C_060,$30.00,3,28-03-2023
1317,P101,C_091,,3,01-09-2023
1318,P101,C_082,,4,02-06-2023
1319,P105,C_030,$250.50,1,16-03-2023
1320,P102,C_055,$250.50,,31-03-2023
1321,P104,C_027,120,,01-11-2023
1322,P105,C_059,,3,17-01-2023
1323,P105,C_022,,,24-02-2023
1324,P103,C_013,$250.50,3,24-01-2023
1325,P103,C_073,$75,2,18-01-2023
1326,P101,C_048,$150.00,5,11-03-2023
1327,P105,C_015,,3,21-03-2023
1328,P105,C_059,$75,2,24-01-2023
1329,P105,C_032,,4,01-06-2023
1330,P103,C_097,,2,26-02-2023
1331,P103,C_068,$75,5,01/31/2023
1332,P104,C_035,$250.50,,03/15/2023
1333,P104,C_047,$30.00,5,03-09-2023
1334,P102,C_036,120,2,02-02-2023
1335,P104,C_058,120,1,08-03-2023
1336,P103,C_021,$75,3,27-02-2023
1337,P102,C_066,$150.00,2,02/27/2023
1338,P101,C_064,$150.00,4,03-06-2023
1339,P102,C_060,$150.00,3,29-01-2023
1340,P103,C_023,,,12-02-2023
1341,P102,C_015,$250.50,4,31-03-2023
1342,P104,C_068,120,1,11-01-2023
1343,P103,C_038,$75,5,19-03-2023
1344,P104,C_025,$250.50,2,08-02-2023
1345,P101,C_041,$30.00,,03/21/2023
1346,P101,C_025,$30.00,5,10-03-2023
1347,P105,C_084,$75,,01/19/2023
1348,P104,C_011,120,3,31-01-2023
1349,P104,C_034,,,11-01-2023
1350,P103,C_019,120,5,06-03-2023
1351,P105,C_013,$30.00,4,06-01-2023
1352,P104,C_058,$250.50,,01-03-2023
1353,P101,C_055,$75,,26-03-2023
1354,P101,C_085,,3,18-01-2023
1355,P103,C_080,$250.50,,23-01-2023
1356,P104,C_072,,2,18-01-2023
1357,P104,C_015,$250.50,2,06-01-2023
1358,P101,C_051,$250.50,5,20-02-2023
1359,P104,C_043,$150.00,,01/25/2023
1360,P103,C_017,,3,04-02-2023
1361,P103,C_066,$30.00,,02/26/2023
1362,P103,C_034,$30.00,,03-05-2023
1363,P105,C_045,$150.00,,24-02-2023
1364,P104,C_088,$75,5,02-07-2023
1365,P101,C_021,$250.50,,02-07-2023
1366,P104,C_088,,4,22-01-2023
1367,P104,C_055,$30.00,1,15-02-2023
1368,P104,C_046,,1,10-01-2023
1369,P104,C_057,120,,28-03-2023
1370,P101,C_029,120,,26-02-2023
1371,P102,C_019,$75,,02/16/2023
1372,P104,C_083,$150.00,5,20-01-2023
1373,P104,C_058,$250.50,4,10-01-2023
1374,P102,C_078,$250.50,4,10-02-2023
1375,P103,C_042,$150.00,1,01/24/2023
1376,P105,C_060,120,1,02-03-2023
1377,P104,C_038,120,3,03/30/2023
1378,P102,C_026,$75,1,27-02-2023
1379,P104,C_022,,3,03/27/2023
1380,P101,C_081,120,3,08-02-2023
1381,P102,C_057,120,2,16-01-2023
1382,P102,C_041,$30.00,1,16-02-2023
1383,P105,C_058,$30.00,5,17-01-2023
1384,P101,C_019,$250.50,4,03-03-2023
1385,P104,C_063,120,1,01/17/2023
1386,P101,C_068,$30.00,,03-08-2023
1387,P102,C_081,,5,24-01-2023
1388,P104,C_075,$150.00,1,08-03-2023
1389,P103,C_032,$75,3,01-04-2023
1390,P103,C_077,$250.50,1,02-02-2023
1391,P105,C_046,$75,,08-02-2023
1392,P105,C_022,120,,22-01-2023
1393,P105,C_030,$75,,21-03-2023
1394,P105,C_054,120,1,04-01-2023
1395,P101,C_093,120,3,25-03-2023
1396,P105,C_064,120,,01-04-2023
1397,P105,C_048,,3,03-03-2023
1398,P104,C_049,$30.00,1,30-03-2023
1399,P102,C_067,$30.00,4,01-03-2023
1400,P103,C_088,$75,3,10-02-2023
1401,P103,C_062,$75,3,07-03-2023
1402,P101,C_051,$75,4,01/16/2023
1403,P104,C_042,$75,1,01-07-2023
1404,P104,C_089,$30.00,2,01/21/2023
1405,P105,C_051,$75,2,05-03-2023
1406,P104,C_074,$250.50,4,03-01-2023
1407,P104,C_075,$30.00,2,28-01-2023
1408,P103,C_017,$150.00,3,05-03-2023
1409,P104,C_047,120,1,01/14/2023
1410,P102,C_044,,3,02/21/2023
1411,P101,C_062,$150.00,5,13-03-2023
1412,P103,C_081,$250.50,1,19-02-2023
1413,P104,C_081,$250.50,5,29-03-2023
1414,P101,C_027,$150.00,4,02/17/2023
1415,P105,C_057,$75,2,19-03-2023
1416,P104,C_075,$150.00,1,05-01-2023
1417,P103,C_071,120,4,20-01-2023
1418,P105,C_028,$250.50,5,10-02-2023
1419,P104,C_089,,3,03/17/2023
1420,P105,C_076,120,4,01-04-2023
1421,P103,C_071,$150.00,3,12-02-2023
1422,P101,C_064,120,3,30-03-2023
1423,P101,C_087,$30.00,3,25-03-2023
1424,P105,C_040,,1,03/16/2023
1425,P102,C_078,,,03/21/2023
1426,P102,C_098,$75,1,15-03-2023
1427,P101,C_035,$150.00,4,02-10-2023
1428,P102,C_063,,2,22-02-2023
1429,P105,C_071,,,08-01-2023
1430,P102,C_077,$75,5,11-02-2023
1431,P104,C_078,$30.00,3,01/23/2023
1432,P105,C_054,120,3,28-03-2023
1433,P103,C_089,$30.00,2,02-01-2023
1434,P105,C_049,$75,3,06-02-2023
1435,P102,C_099,,4,02-10-2023
1436,P103,C_082,,3,06-02-2023
1437,P105,C_097,120,4,02/20/2023
1438,P102,C_048,$150.00,3,01-11-2023
1439,P104,C_094,$250.50,,03-03-2023
1440,P102,C_079,$250.50,5,03/31/2023
1441,P102,C_024,120,,17-03-2023
1442,P102,C_017,,5,29-01-2023
1443,P102,C_017,$150.00,4,12-02-2023
1444,P104,C_023,,2,01-01-2023
1445,P102,C_063,,4,03-03-2023
1446,P102,C_047,$250.50,3,24-03-2023
1447,P101,C_094,120,2,10-03-2023
1448,P101,C_033,$30.00,2,01-05-2023
1449,P104,C_034,,3,05-01-2023
1450,P103,C_083,120,1,02-12-2023
1451,P104,C_093,120,5,05-03-2023
1452,P105,C_070,$250.50,2,01/15/2023
1453,P102,C_069,,3,24-01-2023
1454,P103,C_048,120,,25-01-2023
1455,P105,C_092,$30.00,4,03-07-2023
1456,P101,C_062,,1,24-01-2023
1457,P104,C_052,$75,1,02-03-2023
1458,P102,C_068,$250.50,3,08-02-2023
1459,P105,C_012,$250.50,,16-02-2023
1460,P102,C_018,,1,03-01-2023
1461,P102,C_062,,5,04-01-2023
1462,P101,C_092,$250.50,3,20-03-2023
1463,P102,C_028,$30.00,2,28-02-2023
1464,P105,C_058,$30.00,,03-12-2023
1465,P105,C_096,$75,2,29-03-2023
1466,P101,C_078,$30.00,5,04-01-2023
1467,P101,C_083,$150.00,1,12-03-2023
1468,P102,C_084,120,2,01/22/2023
1469,P105,C_067,$150.00,,27-01-2023
1470,P105,C_073,$150.00,5,27-02-2023
1471,P104,C_027,120,4,28-02-2023
1472,P101,C_082,$30.00,,09-02-2023
1473,P101,C_061,$250.50,1,28-01-2023
1474,P101,C_016,$30.00,3,31-03-2023
1475,P105,C_018,$150.00,4,01-05-2023
1476,P104,C_034,$75,,03/24/2023
1477,P103,C_059,$30.00,4,18-02-2023
1478,P105,C_028,,3,16-01-2023
1479,P105,C_061,120,2,29-01-2023
1480,P101,C_049,$30.00,,03-11-2023
1481,P105,C_059,$75,2,02/28/2023
1482,P102,C_046,$75,,15-01-2023
1483,P104,C_089,$150.00,2,27-01-2023
1484,P101,C_087,$150.00,4,18-03-2023
1485,P101,C_042,,1,02/21/2023
1486,P102,C_080,$75,1,18-01-2023
1487,P103,C_040,,5,10-02-2023
1488,P105,C_097,$250.50,2,08-02-2023
1489,P105,C_039,$30.00,3,05-02-2023
1490,P105,C_086,,2,22-03-2023
1491,P104,C_082,$30.00,1,14-02-2023
1492,P104,C_078,$250.50,,02/23/2023
1493,P102,C_049,$30.00,2,03-10-2023
1494,P102,C_039,$250.50,,01/19/2023
1495,P101,C_082,$30.00,4,13-03-2023
1496,P102,C_060,$75,3,01/27/2023
1497,P101,C_068,$250.50,1,10-03-2023
1498,P102,C_017,$250.50,4,28-03-2023
1499,P105,C_016,$150.00,2,17-03-2023
1500,P105,C_038,$30.00,2,02-12-2023
1501,P101,C_038,$75,,16-01-2023
1502,P104,C_042,,5,01-04-2023
1503,P104,C_041,120,3,02-06-2023
1504,P104,C_079,,3,02-09-2023
1505,P103,C_076,$30.00,4,13-01-2023
1506,P104,C_051,$75,3,02-10-2023
1507,P101,C_083,$75,,19-01-2023
1508,P103,C_081,120,5,02/23/2023
1509,P102,C_036,$250.50,2,18-02-2023
1510,P102,C_074,120,,03/29/2023
1511,P103,C_073,,,03-04-2023
1512,P102,C_056,$75,2,03-11-2023
1513,P102,C_080,,1,09-03-2023
1514,P101,C_096,$150.00,1,22-02-2023
1515,P102,C_019,,2,02-01-2023
1516,P105,C_069,$250.50,1,21-03-2023
1517,P105,C_072,,4,03-01-2023
1518,P105,C_081,$30.00,1,03-01-2023
1519,P103,C_079,$250.50,1,06-03-2023
1520,P104,C_033,$150.00,1,09-03-2023
1521,P102,C_035,120,5,02-02-2023
1522,P103,C_061,$150.00,3,02/21/2023
1523,P105,C_042,,2,08-02-2023
1524,P101,C_094,,1,01-12-2023
1525,P104,C_059,120,4,08-01-2023
1526,P101,C_032,$150.00,4,25-02-2023
1527,P103,C_083,$150.00,5,06-01-2023
1528,P102,C_099,120,4,04-02-2023
1529,P101,C_098,$250.50,5,14-03-2023
1530,P101,C_033,$250.50,1,27-01-2023
1531,P102,C_061,$150.00,3,21-01-2023
1532,P102,C_083,$30.00,,03-11-2023
1533,P104,C_028,,,11-01-2023
1534,P103,C_017,$150.00,4,30-01-2023
1535,P103,C_088,120,5,02/20/2023
1536,P101,C_092,$250.50,4,04-03-2023
1537,P103,C_081,$30.00,4,24-01-2023
1538,P105,C_095,$30.00,1,03/21/2023
1539,P102,C_020,$150.00,3,01/20/2023
1540,P102,C_060,$250.50,3,14-01-2023
1541,P101,C_050,$30.00,3,04-02-2023
1542,P102,C_022,$75,4,27-02-2023
1543,P105,C_076,$30.00,1,04-01-2023
1544,P103,C_081,$150.00,5,03/18/2023
1545,P104,C_012,$250.50,4,19-02-2023
1546,P105,C_042,120,5,22-01-2023
1547,P104,C_032,$75,3,02-08-2023
1548,P104,C_029,$150.00,2,02/25/2023
1549,P104,C_049,$30.00,1,02/16/2023
1550,P102,C_091,$30.00,5,20-03-2023
1551,P104,C_024,$75,3,01-01-2023
1552,P103,C_090,$30.00,3,02/26/2023
1553,P104,C_094,120,2,02-08-2023
1554,P105,C_099,$75,4,10-02-2023
1555,P104,C_051,$250.50,,30-03-2023
1556,P104,C_084,$75,3,02/18/2023
1557,P104,C_057,$150.00,5,26-01-2023
1558,P105,C_034,,5,04-01-2023
1559,P104,C_037,$30.00,3,30-03-2023
1560,P104,C_097,$30.00,2,03/23/2023
1561,P102,C_043,,2,02/24/2023
1562,P101,C_068,120,4,03/16/2023
1563,P105,C_075,,4,11-03-2023
1564,P103,C_079,120,,11-01-2023
1565,P102,C_095,,3,22-01-2023
1566,P105,C_016,120,,28-03-2023
1567,P104,C_053,$30.00,1,02-01-2023
1568,P103,C_039,120,,08-03-2023
1569,P105,C_099,120,2,02/27/2023
1570,P104,C_070,,5,30-03-2023
1571,P102,C_055,$150.00,4,01/14/2023
1572,P104,C_021,$150.00,,01/19/2023
1573,P103,C_054,$30.00,2,03-08-2023
1574,P103,C_071,$150.00,4,03/31/2023
1575,P103,C_019,$250.50,1,01-04-2023
1576,P101,C_054,,1,28-03-2023
1577,P102,C_077,$75,5,01/21/2023
1578,P105,C_065,$30.00,2,21-02-2023
1579,P102,C_034,,,02/25/2023
1580,P101,C_089,$75,4,03/17/2023
1581,P104,C_011,,2,01/27/2023
1582,P101,C_084,$150.00,5,01/24/2023
1583,P103,C_036,$30.00,1,03-02-2023
1584,P104,C_078,,3,03/18/2023
1585,P105,C_061,120,1,02/14/2023
1586,P104,C_090,$75,,04-01-2023
1587,P105,C_086,$150.00,,01/18/2023
1588,P101,C_041,$250.50,1,01/24/2023
1589,P102,C_076,$30.00,4,18-03-2023
1590,P105,C_060,$30.00,2,04-03-2023
1591,P105,C_099,,2,13-03-2023
1592,P104,C_047,$75,2,02-10-2023
1593,P105,C_017,$250.50,1,04-03-2023
1594,P102,C_060,120,5,03/25/2023
1595,P104,C_098,$30.00,4,04-01-2023
1596,P104,C_032,$150.00,5,04-01-2023
1597,P103,C_015,$250.50,2,03-10-2023
1598,P102,C_069,120,,05-03-2023
1599,P105,C_025,120,1,04-02-2023
1600,P103,C_080,$150.00,,26-02-2023
1601,P102,C_065,$150.00,,25-03-2023
1602,P103,C_015,$30.00,3,14-02-2023
1603,P104,C_026,$75,2,17-03-2023
1604,P103,C_089,,4,22-01-2023
1605,P102,C_037,$75,1,03/14/2023
1606,P105,C_046,120,5,01/22/2023
1607,P103,C_048,120,3,07-03-2023
1608,P101,C_028,$30.00,1,05-02-2023
1609,P102,C_027,$75,2,11-02-2023
1610,P104,C_073,$75,5,03/22/2023
1611,P104,C_059,$30.00,1,23-03-2023
1612,P104,C_076,,3,03/30/2023
1613,P104,C_073,$250.50,5,01-01-2023
1614,P101,C_069,,,03/31/2023
1615,P101,C_079,$30.00,2,24-02-2023
1616,P104,C_045,$250.50,3,13-02-2023
1617,P105,C_027,120,4,13-02-2023
1618,P101,C_016,$150.00,,28-02-2023
1619,P101,C_031,$30.00,4,01-01-2023
1620,P102,C_099,$75,,08-02-2023
1621,P103,C_022,,3,02-02-2023
1622,P103,C_096,,2,01-07-2023
1623,P103,C_040,$30.00,,12-01-2023
1624,P101,C_011,$75,4,10-01-2023
1625,P105,C_039,120,,26-02-2023
1626,P101,C_054,$150.00,4,30-03-2023
1627,P104,C_020,$75,4,12-01-2023
1628,P101,C_024,$250.50,3,08-02-2023
1629,P104,C_028,,,19-01-2023
1630,P105,C_083,$150.00,5,25-03-2023
1631,P104,C_055,,2,22-03-2023
1632,P102,C_063,120,,26-02-2023
1633,P101,C_023,$75,1,17-03-2023
1634,P104,C_055,$30.00,3,18-01-2023
1635,P103,C_093,$150.00,2,12-03-2023
1636,P105,C_088,$250.50,,04-01-2023
1637,P103,C_037,120,5,07-03-2023
1638,P104,C_048,,1,01/31/2023
1639,P104,C_025,$75,4,23-03-2023
1640,P101,C_078,$150.00,3,10-02-2023
1641,P104,C_083,$30.00,3,11-03-2023
1642,P102,C_071,$150.00,1,17-03-2023
1643,P101,C_044,$75,1,01-08-2023
1644,P105,C_047,,,03-06-2023
1645,P104,C_062,$150.00,,10-03-2023
1646,P105,C_030,$250.50,1,09-02-2023
1647,P105,C_037,$75,5,02-11-2023
1648,P105,C_092,,,24-03-2023
1649,P103,C_066,,2,08-01-2023
1650,P101,C_066,$150.00,4,20-03-2023
1651,P101,C_050,,,26-03-2023
1652,P102,C_026,$150.00,,18-01-2023
1653,P101,C_031,$30.00,3,08-03-2023
1654,P103,C_032,$250.50,2,04-02-2023
1655,P101,C_014,$250.50,4,04-02-2023
1656,P101,C_044,,5,22-03-2023
1657,P104,C_069,120,3,01-08-2023
1658,P105,C_032,$250.50,2,02-02-2023
1659,P105,C_097,,1,30-01-2023
1660,P105,C_011,$150.00,1,01-02-2023
1661,P104,C_057,$30.00,2,23-01-2023
1662,P105,C_094,$30.00,2,11-02-2023
1663,P104,C_051,$250.50,1,03/15/2023
1664,P101,C_075,,1,23-01-2023
1665,P105,C_016,$30.00,1,03-01-2023
1666,P103,C_052,$150.00,5,28-02-2023
1667,P103,C_036,$250.50,5,08-02-2023
1668,P105,C_042,$30.00,3,03/17/2023
1669,P102,C_080,$75,2,01-01-2023
1670,P101,C_040,120,3,23-03-2023
1671,P101,C_053,$150.00,,18-02-2023
1672,P103,C_024,$75,5,01/31/2023
1673,P104,C_018,$75,,05-02-2023
1674,P101,C_040,120,4,03/31/2023
1675,P104,C_021,120,1,06-03-2023
1676,P104,C_020,120,5,01-08-2023
1677,P102,C_041,$250.50,3,02-10-2023
1678,P103,C_051,$30.00,3,30-01-2023
1679,P102,C_028,120,1,20-01-2023
1680,P102,C_068,$30.00,3,22-02-2023
1681,P105,C_056,$75,4,02-09-2023
1682,P103,C_026,$150.00,2,03/29/2023
1683,P105,C_016,$75,3,19-01-2023
1684,P102,C_056,$30.00,5,07-01-2023
1685,P103,C_044,$75,1,02/21/2023
1686,P105,C_081,$75,1,01-03-2023
1687,P102,C_026,$150.00,1,29-01-2023
1688,P102,C_062,$250.50,,22-03-2023
1689,P101,C_085,120,3,10-01-2023
1690,P101,C_036,,4,17-01-2023
1691,P103,C_026,$150.00,4,07-01-2023
1692,P105,C_066,,4,05-03-2023
1693,P104,C_098,$30.00,2,15-02-2023
1694,P102,C_046,$250.50,4,20-01-2023
1695,P105,C_090,120,2,03/24/2023
1696,P104,C_063,120,4,08-01-2023
1697,P103,C_060,$75,4,26-01-2023
1698,P105,C_042,,5,01-03-2023
1699,P103,C_072,120,4,14-02-2023
1700,P105,C_052,$30.00,3,24-01-2023
1701,P103,C_087,$75,1,05-02-2023
1702,P104,C_078,$250.50,5,30-01-2023
1703,P101,C_042,,2,04-02-2023
1704,P101,C_039,120,4,15-02-2023
1705,P102,C_041,120,3,03/31/2023
1706,P105,C_014,,,15-02-2023
1707,P105,C_029,120,2,05-03-2023
1708,P103,C_033,$30.00,1,12-01-2023
1709,P102,C_088,$75,1,03-09-2023
1710,P101,C_053,120,2,01/17/2023
1711,P102,C_052,$150.00,1,19-01-2023
1712,P102,C_025,120,3,01-10-2023
1713,P104,C_086,$150.00,3,02-08-2023
1714,P102,C_031,,4,03/23/2023
1715,P103,C_033,,5,30-03-2023
1716,P103,C_039,,5,01/23/2023
1717,P103,C_099,$250.50,2,23-01-2023
1718,P101,C_084,$30.00,5,05-01-2023
1719,P105,C_051,120,2,23-03-2023
1720,P101,C_074,$75,3,10-01-2023
1721,P103,C_051,$75,,12-01-2023
1722,P103,C_068,$150.00,3,27-01-2023
1723,P101,C_055,$250.50,1,01-01-2023
1724,P104,C_067,,4,01/22/2023
1725,P104,C_059,$250.50,5,18-02-2023
1726,P104,C_084,,,29-01-2023
1727,P104,C_020,$150.00,3,01-03-2023
1728,P103,C_024,$150.00,3,01/22/2023
1729,P102,C_020,120,1,13-02-2023
1730,P105,C_072,,1,25-02-2023
1731,P102,C_088,$30.00,2,07-01-2023
1732,P103,C_037,$75,4,31-03-2023
1733,P105,C_044,,3,08-02-2023
1734,P101,C_017,$30.00,5,03-12-2023
1735,P102,C_017,$250.50,1,24-02-2023
1736,P103,C_095,,5,03-03-2023
1737,P101,C_014,$75,2,03/23/2023
1738,P101,C_071,$150.00,3,02/20/2023
1739,P104,C_095,$250.50,1,24-03-2023
1740,P104,C_034,$250.50,4,17-02-2023
1741,P104,C_016,$250.50,4,03-01-2023
1742,P102,C_045,120,1,20-01-2023
1743,P101,C_021,,3,03-11-2023
1744,P105,C_040,120,1,19-02-2023
1745,P104,C_079,,4,15-03-2023
1746,P104,C_049,$150.00,4,05-01-2023
1747,P105,C_077,120,,21-03-2023
1748,P101,C_068,$75,2,28-01-2023
1749,P102,C_016,$30.00,1,03/29/2023
1750,P102,C_091,$75,5,02-03-2023
1751,P101,C_022,$30.00,5,20-02-2023
1752,P103,C_046,120,4,02-01-2023
1753,P105,C_086,120,4,01/15/2023
1754,P102,C_029,120,5,16-03-2023
1755,P101,C_083,$150.00,3,03-10-2023
1756,P104,C_044,$30.00,,04-03-2023
1757,P105,C_071,$150.00,2,02-05-2023
1758,P102,C_090,120,,03/30/2023
1759,P101,C_061,$250.50,,31-01-2023
1760,P104,C_045,$250.50,1,02/13/2023
1761,P103,C_046,$30.00,,29-03-2023
1762,P102,C_028,$250.50,,02/26/2023
1763,P103,C_064,120,,12-01-2023
1764,P104,C_038,$30.00,,04-03-2023
1765,P103,C_018,120,2,01-09-2023
1766,P105,C_062,$75,5,14-03-2023
1767,P102,C_035,$75,1,01-02-2023
1768,P104,C_017,$250.50,,01/26/2023
1769,P103,C_070,120,4,23-03-2023
1770,P101,C_041,$250.50,4,03/18/2023
1771,P102,C_071,120,5,02/14/2023
1772,P102,C_044,,,01-12-2023
1773,P101,C_060,$150.00,2,15-03-2023
1774,P102,C_093,$75,,01/27/2023
1775,P104,C_076,$150.00,,01-02-2023
1776,P102,C_093,$75,5,02-01-2023
1777,P103,C_088,$250.50,,01-04-2023
1778,P103,C_065,$30.00,3,02/28/2023
1779,P102,C_070,$250.50,,08-03-2023
1780,P104,C_085,$150.00,1,07-03-2023
1781,P103,C_082,,5,03/19/2023
1782,P103,C_098,$150.00,4,01-09-2023
1783,P103,C_092,$250.50,3,03-02-2023
1784,P103,C_035,$75,5,31-01-2023
1785,P105,C_062,,3,29-03-2023
1786,P101,C_094,$30.00,3,02-03-2023
1787,P104,C_060,,1,16-03-2023
1788,P105,C_035,$250.50,,29-01-2023
1789,P105,C_092,$30.00,,15-02-2023
1790,P103,C_032,,5,01/24/2023
1791,P101,C_071,$75,,03-02-2023
1792,P105,C_034,,3,25-03-2023
1793,P102,C_056,$75,,02-09-2023
1794,P103,C_058,$250.50,5,02-07-2023
1795,P101,C_071,$150.00,,16-03-2023
1796,P105,C_020,$30.00,2,06-03-2023
1797,P104,C_078,$250.50,4,07-01-2023
1798,P102,C_036,$250.50,4,03/14/2023
1799,P102,C_051,,2,01-11-2023
1800,P103,C_091,$75,3,23-03-2023
1801,P101,C_068,$250.50,2,22-01-2023
1802,P102,C_073,$150.00,2,03/20/2023
1803,P104,C_062,$30.00,4,19-02-2023
1804,P101,C_079,$75,,17-02-2023
1805,P103,C_078,$75,1,28-03-2023
1806,P102,C_039,,3,09-02-2023
1807,P101,C_060,120,5,09-02-2023
1808,P101,C_016,$250.50,3,28-02-2023
1809,P105,C_087,120,3,25-02-2023
1810,P102,C_054,$30.00,3,25-01-2023
1811,P104,C_013,$75,2,17-01-2023
1812,P101,C_086,120,2,01/16/2023
1813,P101,C_059,,3,10-03-2023
1814,P101,C_087,$150.00,,14-01-2023
1815,P101,C_017,,1,02/23/2023
1816,P104,C_026,120,3,02-03-2023
1817,P102,C_037,,,22-03-2023
1818,P103,C_064,,1,26-03-2023
1819,P103,C_090,120,,01/18/2023
1820,P101,C_076,,5,01/16/2023
1821,P101,C_024,$30.00,2,19-03-2023
1822,P103,C_077,$75,3,04-01-2023
1823,P103,C_031,$150.00,5,05-03-2023
1824,P104,C_053,$75,1,02-01-2023
1825,P101,C_025,120,,05-03-2023
1826,P101,C_076,$150.00,,01/13/2023
1827,P102,C_069,$250.50,3,01-03-2023
1828,P101,C_033,$150.00,3,16-02-2023
1829,P103,C_065,,1,13-01-2023
1830,P101,C_028,,,01/22/2023
1831,P103,C_067,120,3,01-12-2023
1832,P103,C_034,$150.00,4,02/21/2023
1833,P103,C_060,,4,23-02-2023
1834,P102,C_025,$75,,08-01-2023
1835,P101,C_064,120,4,14-03-2023
1836,P104,C_034,120,4,15-02-2023
1837,P101,C_098,,2,03-03-2023
1838,P101,C_063,$30.00,1,01-09-2023
1839,P103,C_012,,,09-03-2023
1840,P105,C_083,$75,,13-02-2023
1841,P105,C_099,,5,01/13/2023
1842,P102,C_072,$250.50,,28-03-2023
1843,P104,C_030,120,5,07-01-2023
1844,P102,C_075,$30.00,4,22-01-2023
1845,P104,C_052,$75,3,05-02-2023
1846,P105,C_039,120,,02/18/2023
1847,P102,C_021,$30.00,4,03/15/2023
1848,P101,C_074,$30.00,3,01/16/2023
1849,P101,C_024,$30.00,4,05-01-2023
1850,P105,C_011,$150.00,5,21-03-2023
1851,P103,C_076,120,2,25-03-2023
1852,P104,C_054,$250.50,1,01/29/2023
1853,P103,C_082,120,5,02-03-2023
1854,P103,C_068,$150.00,1,26-03-2023
1855,P101,C_054,$250.50,,07-02-2023
1856,P105,C_058,,1,06-01-2023
1857,P104,C_028,,,22-02-2023
1858,P103,C_089,$75,2,01/16/2023
1859,P102,C_069,$75,,13-02-2023
1860,P104,C_016,,,17-03-2023
1861,P104,C_069,,5,06-03-2023
1862,P104,C_011,120,,07-01-2023
1863,P104,C_085,$30.00,5,23-01-2023
1864,P105,C_033,,2,01/14/2023
1865,P105,C_088,$250.50,5,02/19/2023
1866,P105,C_099,$75,3,02/20/2023
1867,P103,C_068,$75,2,22-02-2023
1868,P105,C_049,,5,10-02-2023
1869,P105,C_091,$75,2,27-01-2023
1870,P103,C_098,$250.50,,17-01-2023
1871,P102,C_075,120,,03/23/2023
1872,P101,C_056,120,4,16-03-2023
1873,P104,C_097,,5,02-06-2023
1874,P101,C_077,$150.00,1,18-02-2023
1875,P101,C_096,$150.00,2,04-02-2023
1876,P103,C_098,$250.50,2,08-01-2023
1877,P103,C_037,120,1,02/15/2023
1878,P101,C_089,,,13-03-2023
1879,P105,C_060,$75,5,03/31/2023
1880,P101,C_059,$30.00,4,03/29/2023
1881,P105,C_017,$150.00,,02-02-2023
1882,P105,C_067,$75,,01-04-2023
1883,P103,C_086,120,,19-03-2023
1884,P102,C_048,$30.00,2,29-03-2023
1885,P102,C_033,,5,01/16/2023
1886,P101,C_065,$250.50,5,03-02-2023
1887,P102,C_085,$250.50,1,02-12-2023
1888,P102,C_016,$75,3,18-03-2023
1889,P105,C_095,$250.50,4,15-03-2023
1890,P103,C_020,,3,09-03-2023
1891,P102,C_077,$150.00,5,01/21/2023
1892,P105,C_079,$30.00,1,14-02-2023
1893,P102,C_095,$250.50,3,02/16/2023
1894,P102,C_090,120,4,13-03-2023
1895,P101,C_025,,3,27-02-2023
1896,P105,C_090,$75,1,03/29/2023
1897,P104,C_025,$30.00,3,11-03-2023
1898,P103,C_014,120,3,07-03-2023
1899,P104,C_073,$150.00,3,25-03-2023
1900,P103,C_076,$150.00,1,22-01-2023
1901,P105,C_011,,1,27-01-2023
1902,P102,C_098,$30.00,1,27-01-2023
1903,P104,C_093,$150.00,,29-03-2023
1904,P101,C_069,,3,05-01-2023
1905,P101,C_017,$75,3,13-03-2023
1906,P105,C_040,$250.50,4,02/19/2023
1907,P104,C_066,$250.50,1,19-02-2023
1908,P101,C_079,$150.00,,21-03-2023
1909,P105,C_016,,1,15-02-2023
1910,P101,C_048,,3,19-03-2023
1911,P103,C_067,$30.00,4,26-03-2023
1912,P104,C_031,120,2,18-01-2023
1913,P104,C_080,$250.50,,01/19/2023
1914,P103,C_012,120,5,19-01-2023
1915,P101,C_011,120,5,20-02-2023
1916,P105,C_021,$250.50,2,14-02-2023
1917,P104,C_093,120,2,21-01-2023
1918,P102,C_089,$250.50,2,15-01-2023
1919,P105,C_017,120,4,24-03-2023
1920,P101,C_048,,1,02-02-2023
1921,P102,C_085,$30.00,3,15-02-2023
1922,P102,C_023,$250.50,5,09-01-2023
1923,P103,C_073,$30.00,3,20-03-2023
1924,P103,C_099,120,2,14-03-2023
1925,P103,C_051,$30.00,2,01-01-2023
1926,P102,C_039,,,03/24/2023
1927,P103,C_057,$75,,02-12-2023
1928,P104,C_068,$250.50,3,04-03-2023
1929,P101,C_033,,5,01-11-2023
1930,P102,C_079,$75,3,22-03-2023
1931,P101,C_013,120,,04-01-2023
1932,P105,C_062,120,2,05-01-2023
1933,P103,C_080,120,4,25-03-2023
1934,P103,C_061,$75,5,07-02-2023
1935,P104,C_075,120,1,02/20/2023
1936,P105,C_012,,2,20-03-2023
1937,P102,C_076,$75,4,21-01-2023
1938,P105,C_083,,2,03-03-2023
1939,P101,C_039,$30.00,2,01-09-2023
1940,P103,C_040,$150.00,,27-01-2023
1941,P103,C_060,$30.00,4,06-01-2023
1942,P103,C_024,,5,03/23/2023
1943,P103,C_085,120,5,01/23/2023
1944,P104,C_057,120,,10-01-2023
1945,P103,C_059,$75,5,02/21/2023
1946,P103,C_073,$30.00,5,01-01-2023
1947,P102,C_067,$75,2,10-01-2023
1948,P103,C_038,$75,2,01/21/2023
1949,P105,C_026,,2,02/23/2023
1950,P101,C_072,,4,03-03-2023
1951,P105,C_031,,4,03-01-2023
1952,P101,C_027,120,5,21-01-2023
1953,P105,C_016,120,2,08-01-2023
1954,P103,C_034,120,4,18-03-2023
1955,P101,C_095,$250.50,1,01/28/2023
1956,P105,C_071,$30.00,2,01/29/2023
1957,P105,C_029,120,2,21-03-2023
1958,P105,C_044,$75,,03/29/2023
1959,P104,C_087,120,1,01/30/2023
1960,P104,C_027,$150.00,1,26-01-2023
1961,P105,C_098,$30.00,2,19-03-2023
1962,P102,C_071,120,5,05-01-2023
1963,P105,C_026,$150.00,4,26-03-2023
1964,P105,C_080,$150.00,,03/25/2023
1965,P105,C_064,$250.50,1,31-03-2023
1966,P104,C_040,$30.00,4,14-02-2023
1967,P105,C_023,$30.00,2,02-02-2023
1968,P102,C_021,$250.50,5,03-11-2023
1969,P103,C_035,$150.00,,01-01-2023
1970,P105,C_026,120,1,18-02-2023
1971,P102,C_099,$250.50,4,16-02-2023
1972,P102,C_065,,5,02-02-2023
1973,P105,C_065,120,3,03/20/2023
1974,P104,C_037,$30.00,5,03/13/2023
1975,P102,C_058,120,5,03-03-2023
1976,P103,C_084,$250.50,,20-02-2023
1977,P102,C_095,$150.00,,01/30/2023
1978,P102,C_023,$75,5,02/21/2023
1979,P105,C_089,,,01-04-2023
1980,P102,C_060,,1,12-01-2023
1981,P104,C_087,$30.00,1,01-09-2023
1982,P102,C_058,$150.00,5,05-01-2023
1983,P104,C_062,120,,03-08-2023
1984,P105,C_018,$75,,03-05-2023
1985,P101,C_036,,5,06-02-2023
1986,P101,C_087,120,5,31-03-2023
1987,P105,C_032,,1,16-02-2023
1988,P101,C_031,$150.00,3,02/21/2023
1989,P104,C_062,120,2,08-03-2023
1990,P101,C_022,120,3,13-03-2023
1991,P103,C_055,$250.50,2,19-03-2023
1992,P104,C_062,120,1,03-02-2023
1993,P104,C_075,$150.00,5,10-01-2023
1994,P103,C_054,$150.00,5,02-02-2023
1995,P105,C_043,,4,18-02-2023
1996,P104,C_042,$250.50,4,03/29/2023
1997,P105,C_014,$30.00,1,03-02-2023
1998,P104,C_092,$75,,31-03-2023
1999,P103,C_063,$250.50,5,10-03-2023
2000,P103,C_042,$250.50,1,21-02-2023
